position	residue	pDO	pDD	MBM
1	M	0.0202	0.9798	0.0000
2	S	0.0197	0.9803	0.0000
3	G	0.0195	0.9805	0.0000
4	R	0.0193	0.9807	0.0000
5	R	0.0191	0.9809	0.0000
6	T	0.0186	0.9814	0.0000
7	R	0.0188	0.9812	0.0000
8	S	0.0180	0.9820	0.0000
9	G	0.0175	0.9825	0.0564
10	G	0.0161	0.9839	0.0564
11	A	0.0138	0.9862	0.0564
12	A	0.0148	0.9852	0.0564
13	Q	0.0142	0.9858	0.0564
14	R	0.0142	0.9858	0.0000
15	S	0.0142	0.9858	0.0000
16	G	0.0158	0.9842	0.0000
17	P	0.0170	0.9830	0.0564
18	R	0.0198	0.9802	0.0564
19	A	0.0275	0.9725	0.1507
20	P	0.0353	0.9647	0.2199
21	S	0.0404	0.9596	0.2766
22	P	0.0518	0.9482	0.3769
23	T	0.0694	0.9306	0.4114
24	K	0.0876	0.9124	0.4554
25	P	0.0907	0.9093	0.4643
26	L	0.0907	0.9093	0.5499
27	R	0.1317	0.8683	0.6788
28	R	0.1658	0.8342	0.7489
29	S	0.2942	0.7058	0.7799
30	Q	0.3120	0.6880	0.7985
31	R	0.3165	0.6835	0.7806
32	K	0.3120	0.6880	0.7565
33	S	0.2942	0.7058	0.7484
34	G	0.2365	0.7635	0.7210
35	S	0.1987	0.8013	0.6551
36	E	0.1649	0.8351	0.5031
37	L	0.1596	0.8404	0.4538
38	P	0.1596	0.8404	0.5376
39	S	0.2240	0.7760	0.5720
40	I	0.2495	0.7505	0.6714
41	L	0.2928	0.7072	0.7188
42	P	0.3780	0.6220	0.7845
43	E	0.4616	0.5384	0.7256
44	I	0.5026	0.4974	0.7407
45	W	0.6202	0.3798	0.7366
46	P	0.6692	0.3308	0.6824
47	K	0.6636	0.3364	0.6799
48	T	0.6692	0.3308	0.7056
49	P	0.6507	0.3493	0.7387
50	S	0.6087	0.3913	0.7730
51	A	0.5877	0.4123	0.8020
52	A	0.5877	0.4123	0.8321
53	A	0.5421	0.4579	0.8362
54	V	0.4797	0.5203	0.8204
55	R	0.4066	0.5934	0.7783
56	K	0.3936	0.6064	0.6944
57	P	0.3888	0.6112	0.6761
58	I	0.3867	0.6133	0.6252
59	V	0.3586	0.6414	0.6115
60	L	0.3287	0.6713	0.5925
61	K	0.3371	0.6629	0.6006
62	R	0.3420	0.6580	0.6059
63	I	0.3804	0.6196	0.6689
64	V	0.3986	0.6014	0.8020
65	A	0.4477	0.5523	0.8458
66	H	0.6159	0.3841	0.8005
67	A	0.6374	0.3626	0.7566
68	V	0.6159	0.3841	0.7609
69	E	0.5639	0.4361	0.7967
70	V	0.5522	0.4478	0.7900
71	P	0.5090	0.4910	0.7412
72	A	0.4901	0.5099	0.7418
73	V	0.4803	0.5197	0.7323
74	Q	0.4901	0.5099	0.7428
75	S	0.4901	0.5099	0.7546
76	P	0.5831	0.4169	0.7546
77	R	0.7221	0.2779	0.7865
78	R	0.7547	0.2453	0.7109
79	S	0.7697	0.2303	0.6724
80	P	0.7902	0.2098	0.6998
81	R	0.7904	0.2096	0.7198
82	I	0.7920	0.2080	0.7377
83	S	0.8426	0.1574	0.7121
84	F	0.8426	0.1574	0.7470
85	F	0.8426	0.1574	0.7494
86	L	0.8506	0.1494	0.7494
87	E	0.8790	0.1210	0.6506
88	K	0.8790	0.1210	0.5530
89	E	0.8694	0.1306	0.4713
90	N	0.8637	0.1363	0.4554
91	E	0.8417	0.1583	0.5659
92	P	0.8185	0.1815	0.5818
93	P	0.7675	0.2325	0.6722
94	G	0.7072	0.2928	0.7769
95	R	0.6563	0.3437	0.8088
96	E	0.6269	0.3731	0.7828
97	L	0.5448	0.4552	0.7108
98	T	0.5429	0.4571	0.6904
99	K	0.5911	0.4089	0.7098
100	E	0.5929	0.4071	0.7242
101	D	0.5911	0.4089	0.7804
102	L	0.5647	0.4353	0.8618
103	F	0.5230	0.4770	0.8941
104	K	0.3696	0.6304	0.8678
105	T	0.3696	0.6304	0.8582
106	H	0.3180	0.6820	0.8441
107	S	0.2921	0.7079	0.7427
108	V	0.2342	0.7658	0.7373
109	P	0.2279	0.7721	0.6969
110	A	0.2253	0.7747	0.6587
111	T	0.2132	0.7868	0.5720
112	P	0.2127	0.7873	0.5376
113	T	0.1939	0.8061	0.4918
114	S	0.1860	0.8140	0.4538
115	T	0.1968	0.8032	0.5608
116	P	0.2001	0.7999	0.6321
117	V	0.2057	0.7943	0.6700
118	P	0.2143	0.7857	0.6612
119	N	0.2099	0.7901	0.6752
120	P	0.1860	0.8140	0.5915
121	E	0.1860	0.8140	0.5915
122	A	0.1920	0.8080	0.6013
123	E	0.2001	0.7999	0.6418
124	S	0.2716	0.7284	0.6553
125	S	0.2897	0.7103	0.6252
126	S	0.2897	0.7103	0.5660
127	K	0.3103	0.6897	0.6334
128	E	0.3278	0.6722	0.6250
129	G	0.3486	0.6514	0.5929
130	E	0.3695	0.6305	0.5847
131	L	0.3800	0.6200	0.6312
132	D	0.3881	0.6119	0.6207
133	A	0.3800	0.6200	0.6700
134	R	0.3695	0.6305	0.6853
135	D	0.3630	0.6370	0.6853
136	L	0.3007	0.6993	0.6274
137	E	0.2803	0.7197	0.6274
138	M	0.3007	0.6993	0.6670
139	S	0.3100	0.6900	0.7227
140	K	0.4360	0.5640	0.7935
141	K	0.5269	0.4731	0.7873
142	V	0.5620	0.4380	0.7445
143	R	0.5880	0.4120	0.7743
144	R	0.5880	0.4120	0.8160
145	S	0.4929	0.5071	0.8076
146	Y	0.4459	0.5541	0.8458
147	S	0.3374	0.6626	0.8313
148	R	0.1439	0.8561	0.7916
149	L	0.1334	0.8666	0.6333
150	E	0.1267	0.8733	0.5101
151	T	0.1267	0.8733	0.4461
152	L	0.1270	0.8730	0.4461
153	G	0.1463	0.8537	0.5671
154	S	0.1644	0.8356	0.6835
155	A	0.1906	0.8094	0.7464
156	S	0.2713	0.7287	0.8217
157	T	0.3487	0.6513	0.8218
158	S	0.3929	0.6071	0.8041
159	T	0.4478	0.5522	0.8148
160	P	0.4730	0.5270	0.7965
161	G	0.4730	0.5270	0.7498
162	R	0.4927	0.5073	0.7567
163	R	0.4927	0.5073	0.7567
164	S	0.4730	0.5270	0.7793
165	C	0.3925	0.6075	0.7763
166	F	0.3453	0.6547	0.7427
167	G	0.3315	0.6685	0.6655
168	F	0.3348	0.6652	0.7045
169	E	0.3504	0.6496	0.7791
170	G	0.4161	0.5839	0.8238
171	L	0.5377	0.4623	0.8511
172	L	0.6250	0.3750	0.8573
173	G	0.7016	0.2984	0.7878
174	A	0.7242	0.2758	0.7727
175	E	0.7340	0.2660	0.7525
176	D	0.7340	0.2660	0.7730
177	L	0.6990	0.3010	0.7848
178	S	0.6941	0.3059	0.7274
179	G	0.6990	0.3010	0.7227
180	V	0.6941	0.3059	0.7663
181	S	0.7398	0.2602	0.7163
182	P	0.7398	0.2602	0.7422
183	V	0.7611	0.2389	0.7116
184	V	0.7398	0.2602	0.7452
185	C	0.7210	0.2790	0.7803
186	S	0.6511	0.3489	0.8401
187	K	0.5200	0.4800	0.8818
188	L	0.4806	0.5194	0.8441
189	T	0.3760	0.6240	0.8364
190	E	0.3647	0.6353	0.8104
191	V	0.3204	0.6796	0.7489
192	P	0.2485	0.7515	0.6412
193	R	0.2434	0.7566	0.6426
194	V	0.2421	0.7579	0.6113
195	C	0.2430	0.7570	0.6601
196	A	0.2591	0.7409	0.7310
197	K	0.2682	0.7318	0.7263
198	P	0.4163	0.5837	0.8042
199	W	0.5167	0.4833	0.8204
200	A	0.5034	0.4966	0.8204
201	P	0.4309	0.5691	0.8557
202	D	0.3963	0.6037	0.8294
203	M	0.2954	0.7046	0.7623
204	T	0.2625	0.7375	0.6182
205	L	0.2568	0.7432	0.5122
206	P	0.2568	0.7432	0.5887
207	G	0.2660	0.7340	0.6805
208	I	0.2868	0.7132	0.7554
209	S	0.3324	0.6676	0.8028
210	P	0.3929	0.6071	0.7800
211	P	0.4021	0.5979	0.7217
212	P	0.4296	0.5704	0.7043
213	E	0.4484	0.5516	0.7148
214	K	0.4533	0.5467	0.7526
215	Q	0.5652	0.4348	0.7317
216	K	0.8431	0.1569	0.7500
217	R	0.8551	0.1449	0.7098
218	K	0.8590	0.1410	0.6888
219	K	0.8590	0.1410	0.6585
220	K	0.8551	0.1449	0.7293
221	K	0.6988	0.3012	0.8140
222	M	0.5764	0.4236	0.8319
223	P	0.4977	0.5023	0.8798
224	E	0.4045	0.5955	0.8250
225	I	0.3370	0.6630	0.7763
226	L	0.3012	0.6988	0.6726
227	K	0.3086	0.6914	0.6479
228	T	0.3086	0.6914	0.6968
229	E	0.3086	0.6914	0.6996
230	L	0.3748	0.6252	0.7310
231	D	0.5849	0.4151	0.7420
232	E	0.6166	0.3834	0.6697
233	W	0.6714	0.3286	0.7498
234	A	0.7512	0.2488	0.7455
235	A	0.7747	0.2253	0.7004
236	A	0.8061	0.1939	0.6088
237	M	0.8075	0.1925	0.5510
238	N	0.8129	0.1871	0.4554
239	A	0.8161	0.1839	0.3356
240	E	0.8203	0.1797	0.2530
241	F	0.8153	0.1847	0.3912
242	E	0.8129	0.1871	0.5473
243	A	0.7919	0.2081	0.6847
244	A	0.7499	0.2501	0.7803
245	E	0.6297	0.3703	0.8454
246	Q	0.5950	0.4050	0.8623
247	F	0.5343	0.4657	0.8241
248	D	0.5030	0.4970	0.7974
249	L	0.4414	0.5586	0.7739
250	L	0.5030	0.4970	0.8095
251	V	0.5187	0.4813	0.7364
252	E	0.5030	0.4970	0.4127