type	start	end
Disorder-to-Order region	76	103
Disorder-to-Order region	171	187
Disorder-to-Order region	231	248
Disorder-to-Disorder region	1	43
Disorder-to-Disorder region	54	65
Disorder-to-Disorder region	104	140
Disorder-to-Disorder region	145	170
Disorder-to-Disorder region	201	214
Context-dependent region	27	34
Context-dependent region	40	57
Context-dependent region	63	86
Context-dependent region	93	109
Context-dependent region	138	148
Context-dependent region	154	191
Context-dependent region	196	203
Context-dependent region	207	218
Context-dependent region	220	226
Context-dependent region	228	235
Context-dependent region	243	251