POS	RES	IUPRED2	ANCHOR2
1	M	0.9151	0.9726
2	S	0.8942	0.9678
3	G	0.9106	0.9637
4	R	0.9126	0.9591
5	R	0.9106	0.9536
6	T	0.9168	0.9488
7	R	0.9308	0.9396
8	S	0.9308	0.9317
9	G	0.9211	0.9276
10	G	0.9308	0.9208
11	A	0.9287	0.9114
12	A	0.9457	0.8919
13	Q	0.9503	0.8739
14	R	0.9457	0.8528
15	S	0.9547	0.8266
16	G	0.9269	0.8079
17	P	0.9249	0.7880
18	R	0.9249	0.7732
19	A	0.9249	0.7543
20	P	0.9287	0.7241
21	S	0.9249	0.7044
22	P	0.9308	0.6905
23	T	0.9396	0.6912
24	K	0.9362	0.7005
25	P	0.9346	0.7076
26	L	0.9381	0.7151
27	R	0.9013	0.7109
28	R	0.9013	0.7002
29	S	0.8991	0.6842
30	Q	0.8681	0.6793
31	R	0.7951	0.6915
32	K	0.8198	0.6934
33	S	0.8013	0.6846
34	G	0.7163	0.6791
35	S	0.5901	0.6785
36	E	0.5951	0.6773
37	L	0.6661	0.6873
38	P	0.6712	0.6881
39	S	0.6991	0.6933
40	I	0.6991	0.6994
41	L	0.6620	0.6952
42	P	0.6375	0.6756
43	E	0.6227	0.6660
44	I	0.5620	0.6728
45	W	0.5493	0.6681
46	P	0.5493	0.6532
47	K	0.5707	0.6399
48	T	0.5620	0.6251
49	P	0.4864	0.6212
50	S	0.4330	0.6269
51	A	0.4940	0.6327
52	A	0.5493	0.6362
53	A	0.4619	0.6438
54	V	0.4119	0.6456
55	R	0.4619	0.6398
56	K	0.5807	0.6421
57	P	0.5342	0.6482
58	I	0.4831	0.6584
59	V	0.4801	0.6587
60	L	0.4087	0.6547
61	K	0.4330	0.6371
62	R	0.4292	0.6234
63	I	0.3983	0.6152
64	V	0.4256	0.6051
65	A	0.4725	0.5978
66	H	0.4979	0.5914
67	A	0.4979	0.5789
68	V	0.4725	0.5588
69	E	0.5382	0.5335
70	V	0.6227	0.5138
71	P	0.6948	0.4938
72	A	0.6089	0.4859
73	V	0.6089	0.4723
74	Q	0.5758	0.4616
75	S	0.5254	0.4622
76	P	0.4801	0.4738
77	R	0.4725	0.4905
78	R	0.4864	0.5122
79	S	0.5456	0.5370
80	P	0.5533	0.5654
81	R	0.6183	0.5956
82	I	0.6183	0.6273
83	S	0.6755	0.6500
84	F	0.7415	0.6794
85	F	0.7250	0.6928
86	L	0.7331	0.6837
87	E	0.6227	0.6606
88	K	0.6322	0.6386
89	E	0.6322	0.6145
90	N	0.6427	0.5882
91	E	0.6183	0.5629
92	P	0.5456	0.5508
93	P	0.5211	0.5544
94	G	0.5176	0.5634
95	R	0.6322	0.5697
96	E	0.7505	0.5997
97	L	0.8085	0.6493
98	T	0.7459	0.6948
99	K	0.7755	0.7327
100	E	0.7459	0.7769
101	D	0.7415	0.8168
102	L	0.7629	0.8467
103	F	0.7369	0.8560
104	K	0.7080	0.8462
105	T	0.7080	0.8389
106	H	0.7331	0.8305
107	S	0.6620	0.8198
108	V	0.7629	0.8064
109	P	0.7672	0.7858
110	A	0.7951	0.7655
111	T	0.7951	0.7257
112	P	0.7629	0.6851
113	T	0.8279	0.6421
114	S	0.8991	0.6133
115	T	0.8991	0.5993
116	P	0.8920	0.5827
117	V	0.8853	0.5632
118	P	0.8894	0.5273
119	N	0.9269	0.4932
120	P	0.9168	0.4714
121	E	0.8894	0.4658
122	A	0.8920	0.4728
123	E	0.8596	0.4720
124	S	0.8493	0.4733
125	S	0.8623	0.4750
126	S	0.7951	0.4928
127	K	0.7799	0.5091
128	E	0.8125	0.5483
129	G	0.7843	0.5985
130	E	0.7629	0.6383
131	L	0.7289	0.6710
132	D	0.6576	0.6801
133	A	0.6755	0.6865
134	R	0.6661	0.6882
135	D	0.6661	0.6910
136	L	0.5577	0.7009
137	E	0.5533	0.6865
138	M	0.5577	0.6736
139	S	0.4801	0.6440
140	K	0.4831	0.6128
141	K	0.4831	0.5900
142	V	0.4801	0.5853
143	R	0.4725	0.5806
144	R	0.4901	0.5754
145	S	0.4725	0.5754
146	Y	0.4582	0.5747
147	S	0.5296	0.5638
148	R	0.5176	0.5606
149	L	0.5456	0.5586
150	E	0.5807	0.5488
151	T	0.5951	0.5389
152	L	0.5951	0.5278
153	G	0.6576	0.5032
154	S	0.6620	0.4832
155	A	0.5620	0.4634
156	S	0.4652	0.4471
157	T	0.5620	0.4337
158	S	0.4652	0.4273
159	T	0.4801	0.4225
160	P	0.5533	0.4192
161	G	0.4801	0.4210
162	R	0.4149	0.4242
163	R	0.4864	0.4276
164	S	0.4652	0.4326
165	C	0.4766	0.4363
166	F	0.5098	0.4399
167	G	0.4507	0.4429
168	F	0.4409	0.4451
169	E	0.4507	0.4462
170	G	0.3910	0.4491
171	L	0.3631	0.4525
172	L	0.3840	0.4563
173	G	0.3426	0.4588
174	A	0.2988	0.4616
175	E	0.2224	0.4642
176	D	0.2988	0.4688
177	L	0.3740	0.4722
178	S	0.3149	0.4738
179	G	0.4087	0.4742
180	V	0.4119	0.4763
181	S	0.3566	0.4754
182	P	0.4409	0.4733
183	V	0.4901	0.4739
184	V	0.4330	0.4744
185	C	0.3740	0.4683
186	S	0.3460	0.4681
187	K	0.3215	0.4666
188	L	0.4087	0.4654
189	T	0.3249	0.4663
190	E	0.3019	0.4679
191	V	0.3740	0.4695
192	P	0.3872	0.4695
193	R	0.3460	0.4730
194	V	0.3983	0.4760
195	C	0.3910	0.4801
196	A	0.4940	0.4899
197	K	0.5017	0.4941
198	P	0.4441	0.5024
199	W	0.4979	0.5102
200	A	0.5211	0.5112
201	P	0.5382	0.5092
202	D	0.6375	0.5085
203	M	0.6183	0.5096
204	T	0.6089	0.5017
205	L	0.6948	0.4938
206	P	0.7755	0.4821
207	G	0.7881	0.4667
208	I	0.7881	0.4504
209	S	0.7415	0.4285
210	P	0.8235	0.4061
211	P	0.8313	0.3893
212	P	0.7881	0.3772
213	E	0.8013	0.3661
214	K	0.8313	0.3557
215	Q	0.7505	0.3523
216	K	0.7459	0.3518
217	R	0.7036	0.3549
218	K	0.7036	0.3592
219	K	0.7951	0.3675
220	K	0.7209	0.3805
221	K	0.6991	0.3962
222	M	0.6755	0.4129
223	P	0.5211	0.4275
224	E	0.4831	0.4457
225	I	0.4685	0.4676
226	L	0.4369	0.4873
227	K	0.4256	0.5020
228	T	0.4409	0.5168
229	E	0.4292	0.5336
230	L	0.4476	0.5486
231	D	0.3599	0.5592
232	E	0.3807	0.5662
233	W	0.3774	0.5704
234	A	0.3249	0.5706
235	A	0.3286	0.5671
236	A	0.4087	0.5570
237	M	0.3740	0.5458
238	N	0.3948	0.5326
239	A	0.3249	0.5210
240	E	0.2541	0.5113
241	F	0.2680	0.4974
242	E	0.2715	0.4799
243	A	0.2328	0.4642
244	A	0.3019	0.4466
245	E	0.3019	0.4264
246	Q	0.2988	0.4080
247	F	0.2951	0.3860
248	D	0.2918	0.3663
249	L	0.2436	0.3436
250	L	0.2364	0.3146
251	V	0.1791	0.2912
252	E	0.3019	0.2706
