elm_identifier	start	stop	is_annotated	is_phiblastmatch	is_filtered	phiblast	topodomfilter	taxonfilter	structure
CLV_NRD_NRD_1	143	145	False	False	False	False	False	False	False
CLV_NRD_NRD_1	162	164	False	False	False	False	False	False	False
CLV_NRD_NRD_1	216	218	False	False	False	False	False	False	False
CLV_NRD_NRD_1	27	29	False	False	False	False	False	False	False
CLV_NRD_NRD_1	30	32	False	False	False	False	False	False	False
CLV_NRD_NRD_1	4	6	False	False	False	False	False	False	False
CLV_NRD_NRD_1	54	56	False	False	False	False	False	False	False
CLV_NRD_NRD_1	77	79	False	False	False	False	False	False	False
CLV_PCSK_KEX2_1	143	145	False	False	True	False	False	True	False
CLV_PCSK_KEX2_1	162	164	False	False	True	False	False	True	False
CLV_PCSK_KEX2_1	216	218	False	False	True	False	False	True	False
CLV_PCSK_KEX2_1	27	29	False	False	True	False	False	True	False
CLV_PCSK_KEX2_1	4	6	False	False	True	False	False	True	False
CLV_PCSK_KEX2_1	61	63	False	False	True	False	False	True	False
CLV_PCSK_KEX2_1	77	79	False	False	True	False	False	True	False
CLV_PCSK_PC1ET2_1	216	218	False	False	False	False	False	False	False
CLV_PCSK_PC1ET2_1	61	63	False	False	False	False	False	False	False
CLV_PCSK_SKI1_1	95	99	False	False	False	False	False	False	False
CLV_Separin_Metazoa	190	194	False	False	False	False	False	False	False
DEG_APCC_KENBOX_2	87	91	True	False	False	False	False	False	False
DEG_SCF_FBW7_1	108	115	False	False	False	False	False	False	False
DEG_SCF_FBW7_1	109	115	False	False	False	False	False	False	False
DEG_SPOP_SBC_1	122	126	False	False	False	False	False	False	False
DEG_SPOP_SBC_1	155	159	False	False	False	False	False	False	False
DOC_CKS1_1	109	114	False	False	False	False	False	False	False
DOC_CKS1_1	46	51	False	False	False	False	False	False	False
DOC_MAPK_MEF2A_6	77	84	False	False	False	False	False	False	False
DOC_MAPK_gen_1	77	84	False	False	False	False	False	False	False
DOC_PP1_RVXF_1	79	85	False	False	False	False	False	False	False
DOC_USP7_MATH_1	12	16	False	False	False	False	False	False	False
DOC_USP7_MATH_1	122	126	False	False	False	False	False	False	False
DOC_USP7_MATH_1	155	159	False	False	False	False	False	False	False
DOC_USP7_UBL2_3	214	218	False	False	False	False	False	False	False
DOC_USP7_UBL2_3	216	220	False	False	False	False	False	False	False
DOC_WW_Pin1_4	108	113	False	False	False	False	False	False	False
DOC_WW_Pin1_4	112	117	False	False	False	False	False	False	False
DOC_WW_Pin1_4	156	161	False	False	False	False	False	False	False
DOC_WW_Pin1_4	178	183	False	False	False	False	False	False	False
DOC_WW_Pin1_4	18	23	False	False	False	False	False	False	False
DOC_WW_Pin1_4	206	211	False	False	False	False	False	False	False
DOC_WW_Pin1_4	45	50	False	False	False	False	False	False	False
DOC_WW_Pin1_4	72	77	False	False	False	False	False	False	False
DOC_WW_Pin1_4	76	81	False	False	False	False	False	False	False
LIG_14-3-3_CanoR_1	143	147	False	False	False	False	False	False	False
LIG_14-3-3_CanoR_1	162	168	False	False	False	False	False	False	False
LIG_14-3-3_CanoR_1	81	85	False	False	False	False	False	False	False
LIG_BIR_II_1	1	5	False	False	False	False	False	False	False
LIG_FHA_1	103	109	False	False	False	False	False	False	False
LIG_FHA_1	21	27	False	False	False	False	False	False	False
LIG_FHA_2	226	232	False	False	False	False	False	False	False
LIG_FHA_2	96	102	False	False	False	False	False	False	False
LIG_LIR_Gen_1	145	152	False	False	False	False	False	False	False
LIG_LIR_Gen_1	245	251	False	False	False	False	False	False	False
LIG_LIR_Nem_3	145	149	False	False	True	False	False	True	False
LIG_LIR_Nem_3	245	250	False	False	True	False	False	True	False
LIG_REV1ctd_RIR_1	82	91	False	False	False	False	False	False	False
LIG_SH3_1	14	20	False	False	False	False	False	False	False
LIG_SH3_2	22	27	False	False	False	False	False	False	False
LIG_SH3_3	106	112	False	False	False	False	False	False	False
LIG_SH3_3	114	120	False	False	False	False	False	False	False
LIG_SH3_3	14	20	False	False	False	False	False	False	False
LIG_SH3_3	19	25	False	False	False	False	False	False	False
LIG_SH3_3	195	201	False	False	False	False	False	False	False
LIG_SH3_3	43	49	False	False	False	False	False	False	False
LIG_SH3_3	51	57	False	False	False	False	False	False	False
LIG_SH3_3	65	71	False	False	False	False	False	False	False
LIG_SH3_3	70	76	False	False	False	False	False	False	False
LIG_UBA3_1	40	47	False	False	False	False	False	False	False
LIG_VCP_VIM_2	5	15	False	False	False	False	False	False	False
LIG_VCP_VIM_2	7	15	False	False	False	False	False	False	False
LIG_WD40_WDR5_VDV_2	115	122	False	False	True	False	False	True	False
LIG_WD40_WDR5_VDV_2	126	133	False	False	True	False	False	True	False
LIG_WD40_WDR5_VDV_2	128	133	False	False	True	False	False	True	False
LIG_WD40_WDR5_VDV_2	130	133	False	False	True	False	False	True	False
LIG_WD40_WDR5_VDV_2	15	19	False	False	True	False	False	True	False
LIG_WD40_WDR5_VDV_2	189	194	False	False	True	False	False	True	False
LIG_WD40_WDR5_VDV_2	190	194	False	False	True	False	False	True	False
LIG_WD40_WDR5_VDV_2	33	40	False	False	True	False	False	True	False
LIG_WD40_WDR5_VDV_2	35	40	False	False	True	False	False	True	False
LIG_WD40_WDR5_VDV_2	36	40	False	False	True	False	False	True	False
LIG_WD40_WDR5_VDV_2	39	44	False	False	True	False	False	True	False
LIG_WD40_WDR5_VDV_2	48	51	False	False	True	False	False	True	False
LIG_WD40_WDR5_VDV_2	75	82	False	False	True	False	False	True	False
LIG_WD40_WDR5_VDV_2	79	82	False	False	True	False	False	True	False
MOD_CDC14_SPxK_1	21	24	False	False	False	False	False	False	False
MOD_CDC14_SPxK_1	75	78	False	False	False	False	False	False	False
MOD_CDK_SPK_2	72	77	False	False	False	False	False	False	False
MOD_CDK_SPK_2	76	81	False	False	False	False	False	False	False
MOD_CDK_SPxK_1	156	162	False	False	False	False	False	False	False
MOD_CDK_SPxK_1	18	24	False	False	False	False	False	False	False
MOD_CDK_SPxK_1	72	78	False	False	False	False	False	False	False
MOD_CDK_SPxxK_3	156	163	False	False	False	False	False	False	False
MOD_CK1_1	154	160	False	False	False	False	False	False	False
MOD_CK1_1	156	162	False	False	False	False	False	False	False
MOD_CK1_1	178	184	False	False	False	False	False	False	False
MOD_CK1_1	186	192	False	False	False	False	False	False	False
MOD_CK2_1	122	128	False	False	False	False	False	False	False
MOD_CK2_1	144	150	False	False	False	False	False	False	False
MOD_CK2_1	30	36	False	False	False	False	False	False	False
MOD_Cter_Amidation	160	163	False	False	False	False	False	False	False
MOD_Cter_Amidation	2	5	False	False	False	False	False	False	False
MOD_DYRK1A_RPxSP_1	18	22	False	False	False	False	False	False	False
MOD_GSK3_1	104	111	False	False	False	False	False	False	False
MOD_GSK3_1	108	115	False	False	False	False	False	False	False
MOD_GSK3_1	144	151	False	False	False	False	False	False	False
MOD_GSK3_1	151	158	False	False	False	False	False	False	False
MOD_GSK3_1	26	33	False	False	False	False	False	False	False
MOD_GSK3_1	32	39	False	False	False	False	False	False	False
MOD_GSK3_1	72	79	False	False	False	False	False	False	False
MOD_GSK3_1	76	83	False	False	False	False	False	False	False
MOD_GlcNHglycan	1	4	False	False	False	False	False	False	False
MOD_GlcNHglycan	14	17	False	False	False	False	False	False	False
MOD_GlcNHglycan	153	156	False	False	False	False	False	False	False
MOD_GlcNHglycan	175	180	False	False	False	False	False	False	False
MOD_GlcNHglycan	176	180	False	False	False	False	False	False	False
MOD_GlcNHglycan	177	180	False	False	False	False	False	False	False
MOD_GlcNHglycan	32	35	False	False	False	False	False	False	False
MOD_GlcNHglycan	49	52	False	False	False	False	False	False	False
MOD_GlcNHglycan	7	10	False	False	False	False	False	False	False
MOD_NEK2_2	136	142	False	False	False	False	False	False	False
MOD_NEK2_2	26	32	False	False	False	False	False	False	False
MOD_PIKK_1	26	32	False	False	False	False	False	False	False
MOD_PKA_2	142	148	False	False	False	False	False	False	False
MOD_PKA_2	161	167	False	False	False	False	False	False	False
MOD_PKA_2	26	32	False	False	False	False	False	False	False
MOD_PKA_2	3	9	False	False	False	False	False	False	False
MOD_PKA_2	30	36	False	False	False	False	False	False	False
MOD_PKA_2	80	86	False	False	False	False	False	False	False
MOD_PK_1	104	110	False	False	False	False	False	False	False
MOD_Plk_1	201	207	False	False	False	False	False	False	False
MOD_Plk_4	36	42	False	False	False	False	False	False	False
MOD_ProDKin_1	108	114	False	False	False	False	False	False	False
MOD_ProDKin_1	112	118	False	False	False	False	False	False	False
MOD_ProDKin_1	156	162	False	False	False	False	False	False	False
MOD_ProDKin_1	178	184	False	False	False	False	False	False	False
MOD_ProDKin_1	18	24	False	False	False	False	False	False	False
MOD_ProDKin_1	206	212	False	False	False	False	False	False	False
MOD_ProDKin_1	45	51	False	False	False	False	False	False	False
MOD_ProDKin_1	72	78	False	False	False	False	False	False	False
MOD_ProDKin_1	76	82	False	False	False	False	False	False	False
MOD_SUMO_for_1	226	229	False	False	False	False	False	False	False
TRG_DiLeu_BaEn_1	245	250	False	False	False	False	False	False	False
TRG_ENDOCYTIC_2	146	149	False	False	False	False	False	False	False
TRG_ER_diArg_1	142	144	False	False	False	False	False	False	False
TRG_ER_diArg_1	26	28	False	False	False	False	False	False	False
TRG_ER_diArg_1	4	7	False	False	False	False	False	False	False
TRG_ER_diArg_1	76	78	False	False	False	False	False	False	False
TRG_NLS_MonoCore_2	215	220	False	False	False	False	False	False	False
TRG_NLS_MonoCore_2	216	221	False	False	False	False	False	False	False
TRG_NLS_MonoCore_2	217	222	False	False	False	False	False	False	False
TRG_NLS_MonoExtC_3	139	144	False	False	False	False	False	False	False
TRG_NLS_MonoExtC_3	215	220	False	False	False	False	False	False	False
TRG_NLS_MonoExtC_3	216	221	False	False	False	False	False	False	False
TRG_NLS_MonoExtC_3	218	223	False	False	False	False	False	False	False
TRG_NLS_MonoExtN_4	214	221	False	False	False	False	False	False	False
TRG_NLS_MonoExtN_4	216	223	False	False	False	False	False	False	False
TRG_NLS_MonoExtN_4	217	223	False	False	False	False	False	False	False
TRG_NLS_MonoExtN_4	218	223	False	False	False	False	False	False	False
TRG_Pf-PMV_PEXEL_1	95	100	False	False	True	False	False	True	False
