elm_identifier	start	stop	is_annotated	network_partner	mean_iupred2	pct_disordered	note
MOD_ProDKin_1	18	24	False	CDK1	0.930	100	generic proline-directed kinase phosphosite motif; recovers, independently of the UniProt phospho-site annotations used in script 01, the same cluster of S/T-P sites attributed to CDK1.
MOD_ProDKin_1	45	51	False	CDK1	0.521	57	generic proline-directed kinase phosphosite motif; recovers, independently of the UniProt phospho-site annotations used in script 01, the same cluster of S/T-P sites attributed to CDK1.
MOD_ProDKin_1	72	78	False	CDK1	0.537	57	generic proline-directed kinase phosphosite motif; recovers, independently of the UniProt phospho-site annotations used in script 01, the same cluster of S/T-P sites attributed to CDK1.
MOD_ProDKin_1	76	82	False	CDK1	0.539	57	generic proline-directed kinase phosphosite motif; recovers, independently of the UniProt phospho-site annotations used in script 01, the same cluster of S/T-P sites attributed to CDK1.
DOC_MAPK_gen_1	77	84	False	MAPK1 (ERK2)	0.589	75	generic MAPK docking (D-) motif; gives a concrete recognition element for how ERK2 physically engages Sororin, immediately adjacent to the reported ERK/MAPK phospho-site Ser79.
DEG_APCC_KENBOX_2	87	91	True	CDC20 / APC-C	0.630	100	APC/C-recognised KEN-box degron; matches the annotated KEN box (UniProt 88-90) almost exactly and is flagged by ELM as an experimentally annotated instance.
MOD_ProDKin_1	108	114	False	CDK1	0.801	100	generic proline-directed kinase phosphosite motif; recovers, independently of the UniProt phospho-site annotations used in script 01, the same cluster of S/T-P sites attributed to CDK1.
MOD_ProDKin_1	112	118	False	CDK1	0.865	100	generic proline-directed kinase phosphosite motif; recovers, independently of the UniProt phospho-site annotations used in script 01, the same cluster of S/T-P sites attributed to CDK1.
DEG_SPOP_SBC_1	122	126	False	SPOP	0.852	100	SPOP-binding consensus (SBC) degron; gives a candidate sequence location for the SPOP-dependent degradation reported in prostate cancer, which the STRING/literature network could only place as an edge, not a site.
DEG_SPOP_SBC_1	155	159	False	SPOP	0.507	40	SPOP-binding consensus (SBC) degron; gives a candidate sequence location for the SPOP-dependent degradation reported in prostate cancer, which the STRING/literature network could only place as an edge, not a site.
MOD_ProDKin_1	156	162	False	CDK1	0.489	29	generic proline-directed kinase phosphosite motif; recovers, independently of the UniProt phospho-site annotations used in script 01, the same cluster of S/T-P sites attributed to CDK1.
MOD_ProDKin_1	178	184	False	CDK1	0.408	0	generic proline-directed kinase phosphosite motif; recovers, independently of the UniProt phospho-site annotations used in script 01, the same cluster of S/T-P sites attributed to CDK1.
MOD_Plk_1	201	207	False	PLK1	0.666	100	Polo-like kinase 1 phosphorylation motif, in the C-terminal disordered region close to the ERK2 site Ser209; PLK1 is one of the mitotic kinases in the high-confidence STRING module.
MOD_ProDKin_1	206	212	False	CDK1	0.791	100	generic proline-directed kinase phosphosite motif; recovers, independently of the UniProt phospho-site annotations used in script 01, the same cluster of S/T-P sites attributed to CDK1.
