"# background genes","# genes","category","chart color","description","FDR value","genes","network.SUID","nodes.SUID","p-value","PMID","term name","transferred FDR value","year"
"34","14","WikiPathways","","Cohesin complex - Cornelia de Lange syndrome","2.94E-33","STAG2|ESPL1|MAU2|CDCA5|NIPBL|RAD21|WAPL|PLK1|PDS5A|PDS5B|AURKB|SMC1A|SMC3|CDK1","580","669|735|717|723|729|765|753|711|771|741|705|777|759|699","3.77E-36","","WP5117","3.253165266958784","0"
"11","11","STRING Clusters","","Cohesin Loading onto Chromatin","3.22E-27","STAG2|MAU2|CDCA5|NIPBL|RAD21|WAPL|PDS5A|PDS5B|SMC1A|SMC3|STAG1","580","669|717|723|729|765|753|771|741|777|759|747","7.03E-31","","CL:7353","2.6492144128304167","0"
"13","11","Reactome Pathways","","Mitotic Telophase/Cytokinesis","5.68E-27","STAG2|MAU2|NIPBL|RAD21|WAPL|PLK1|PDS5A|PDS5B|SMC1A|SMC3|STAG1","580","669|717|729|765|753|711|771|741|777|759|747","2.49E-30","","HSA-68884","2.6245651664288983","0"
"10","10","Reactome Pathways","","Cohesin Loading onto Chromatin","6.44E-25","STAG2|MAU2|NIPBL|RAD21|WAPL|PDS5A|PDS5B|SMC1A|SMC3|STAG1","580","669|717|729|765|753|771|741|777|759|747","6.05E-28","","HSA-2470946","2.4191114132640186","0"
"382","16","Reactome Pathways","","M Phase","6.44E-25","STAG2|ESPL1|MAU2|CDCA5|NIPBL|RAD21|WAPL|PLK1|PDS5A|PDS5B|AURKB|SMC1A|SMC3|CDC20|STAG1|CDK1","580","669|735|717|723|729|765|753|711|771|741|705|777|759|672|747|699","5.64E-28","","HSA-68886","2.4191114132640186","0"
"42","12","GO Biological Process","","Sister chromatid cohesion","1.35E-24","STAG2|MAU2|CDCA5|NIPBL|RAD21|PLK1|PDS5A|PDS5B|SMC1A|SMC3|CDC20|STAG1","580","669|717|723|729|765|711|771|741|777|759|672|747","8.63E-29","","GO:0007062","2.3869666231504993","0"
"144","14","GO Biological Process","","Sister chromatid segregation","2.32E-24","STAG2|ESPL1|MAU2|CDCA5|NIPBL|RAD21|PLK1|PDS5A|PDS5B|AURKB|SMC1A|SMC3|CDC20|STAG1","580","669|735|717|723|729|765|711|771|741|705|777|759|672|747","2.96E-28","","GO:0000819","2.3634512015109097","0"
"125","13","Reactome Pathways","","Resolution of Sister Chromatid Cohesion","1.7E-23","STAG2|CDCA5|RAD21|WAPL|PLK1|PDS5A|PDS5B|AURKB|SMC1A|SMC3|CDC20|STAG1|CDK1","580","669|723|765|753|711|771|741|705|777|759|672|747|699","2.99E-26","","HSA-2500257","2.2769551078621726","0"
"232","14","Reactome Pathways","","Mitotic Anaphase","6.83E-23","STAG2|ESPL1|CDCA5|RAD21|WAPL|PLK1|PDS5A|PDS5B|AURKB|SMC1A|SMC3|CDC20|STAG1|CDK1","580","669|735|723|765|753|711|771|741|705|777|759|672|747|699","1.79E-25","","HSA-68882","2.2165579296318465","0"
"11","9","Reactome Pathways","","Establishment of Sister Chromatid Cohesion","4.41E-22","STAG2|CDCA5|RAD21|WAPL|PDS5A|PDS5B|SMC1A|SMC3|STAG1","580","669|723|765|753|771|741|777|759|747","1.55E-24","","HSA-2468052","2.135556141053216","0"
"189","13","Reactome Pathways","","Separation of Sister Chromatids","1.16E-21","STAG2|ESPL1|CDCA5|RAD21|WAPL|PLK1|PDS5A|PDS5B|AURKB|SMC1A|SMC3|CDC20|STAG1","580","669|735|723|765|753|711|771|741|705|777|759|672|747","5.06E-24","","HSA-2467813","2.093554201077308","0"
"275","14","UniProt Keywords","","Mitosis","1.21E-21","STAG2|MAU2|CDCA5|RAD21|WAPL|PLK1|PDS5A|PDS5B|AURKB|SMC1A|SMC3|CDC20|STAG1|CDK1","580","669|717|723|765|753|711|771|741|705|777|759|672|747|699","1.8E-24","","KW-0498","2.091721462968355","0"
"175","13","GO Biological Process","","Mitotic nuclear division","7.58E-21","STAG2|ESPL1|MAU2|CDCA5|NIPBL|PLK1|PDS5A|PDS5B|AURKB|SMC1A|SMC3|CDC20|STAG1","580","669|735|717|723|729|711|771|741|705|777|759|672|747","1.93E-24","","GO:0140014","2.0120330794367947","0"
"15","9","COMPARTMENTS","","Cohesin complex","2.77E-20","STAG2|ESPL1|NIPBL|RAD21|WAPL|PDS5A|SMC1A|SMC3|STAG1","580","669|735|729|765|753|771|777|759|747","1.2E-23","","GOCC:0008278","1.9557520230935552","0"
"323","14","GO Biological Process","","Nuclear division","4.23E-20","STAG2|ESPL1|MAU2|CDCA5|NIPBL|RAD21|PLK1|PDS5A|PDS5B|AURKB|SMC1A|SMC3|CDC20|STAG1","580","669|735|717|723|729|765|711|771|741|705|777|759|672|747","1.62E-23","","GO:0000280","1.9373659632624958","0"
"527","15","GO Biological Process","","Cell division","1.04E-19","STAG2|ESPL1|MAU2|CDCA5|RAD21|WAPL|PLK1|PDS5A|PDS5B|AURKB|SMC1A|SMC3|CDC20|STAG1|CDK1","580","669|735|717|723|765|753|711|771|741|705|777|759|672|747|699","5.0E-23","","GO:0051301","1.898296666070122","0"
"651","15","UniProt Keywords","","Cell cycle","2.54E-19","STAG2|MAU2|CDCA5|NIPBL|RAD21|WAPL|PLK1|PDS5A|PDS5B|AURKB|SMC1A|SMC3|CDC20|STAG1|CDK1","580","669|717|723|729|765|753|711|771|741|705|777|759|672|747|699","1.13E-21","","KW-0131","1.8595166283380062","0"
"631","15","GO Biological Process","","Mitotic cell cycle","1.24E-18","STAG2|ESPL1|MAU2|CDCA5|NIPBL|WAPL|PLK1|PDS5A|PDS5B|AURKB|SMC1A|SMC3|CDC20|STAG1|CDK1","580","669|735|717|723|729|753|711|771|741|705|777|759|672|747|699","7.14E-22","","GO:0000278","1.7906578314837767","0"
"122","11","GO Biological Process","","Mitotic sister chromatid segregation","5.75E-18","ESPL1|MAU2|CDCA5|NIPBL|PLK1|PDS5A|PDS5B|AURKB|SMC1A|SMC3|CDC20","580","735|717|723|729|711|771|741|705|777|759|672","3.67E-21","","GO:0000070","1.724033215531037","0"
"227","12","COMPARTMENTS","","Chromosomal region","1.53E-17","STAG2|CDCA5|RAD21|WAPL|PLK1|PDS5A|PDS5B|AURKB|SMC1A|SMC3|STAG1|CDK1","580","669|723|765|753|711|771|741|705|777|759|747|699","1.33E-20","","GOCC:0098687","1.6815308569182403","0"
"537","14","GO Biological Process","","Mitotic cell cycle process","2.45E-17","STAG2|ESPL1|MAU2|CDCA5|NIPBL|PLK1|PDS5A|PDS5B|AURKB|SMC1A|SMC3|CDC20|STAG1|CDK1","580","669|735|717|723|729|711|771|741|705|777|759|672|747|699","1.72E-20","","GO:1903047","1.6610833915635468","0"
"18","8","GO Biological Process","","Mitotic sister chromatid cohesion","4.62E-17","MAU2|CDCA5|NIPBL|PDS5A|PDS5B|SMC1A|SMC3|CDC20","580","717|723|729|771|741|777|759|672","3.53E-20","","GO:0007064","1.6335358024443873","0"
"160","11","COMPARTMENTS","","Chromosome, centromeric region","4.87E-17","STAG2|CDCA5|RAD21|WAPL|PLK1|PDS5A|PDS5B|AURKB|SMC1A|SMC3|STAG1","580","669|723|765|753|711|771|741|705|777|759|747","6.35E-20","","GOCC:0000775","1.6312471038785366","0"
"835","15","GO Biological Process","","Cell cycle process","5.44E-17","STAG2|ESPL1|MAU2|CDCA5|NIPBL|RAD21|PLK1|PDS5A|PDS5B|AURKB|SMC1A|SMC3|CDC20|STAG1|CDK1","580","669|735|717|723|729|765|711|771|741|705|777|759|672|747|699","4.51E-20","","GO:0022402","1.6264401100301822","0"
"1246","16","GO Biological Process","","Cell cycle","8.14E-17","STAG2|ESPL1|MAU2|CDCA5|NIPBL|RAD21|WAPL|PLK1|PDS5A|PDS5B|AURKB|SMC1A|SMC3|CDC20|STAG1|CDK1","580","669|735|717|723|729|765|753|711|771|741|705|777|759|672|747|699","7.27E-20","","GO:0007049","1.6089375595110798","0"
"951","15","COMPARTMENTS","","Chromosome","1.78E-16","STAG2|ESPL1|MAU2|CDCA5|NIPBL|RAD21|WAPL|PLK1|PDS5A|PDS5B|AURKB|SMC1A|SMC3|STAG1|CDK1","580","669|735|717|723|729|765|753|711|771|741|705|777|759|747|699","3.1E-19","","GOCC:0005694","1.5749579997691106","0"
"205","11","COMPARTMENTS","","Condensed chromosome","4.05E-16","STAG2|ESPL1|NIPBL|RAD21|WAPL|PLK1|PDS5A|AURKB|SMC1A|SMC3|STAG1","580","669|735|729|765|753|711|771|705|777|759|747","8.8E-19","","GOCC:0000793","1.5392544976785332","0"
"968","15","GO Biological Process","","Chromosome organization","4.22E-16","STAG2|ESPL1|MAU2|CDCA5|NIPBL|RAD21|PLK1|PDS5A|PDS5B|AURKB|SMC1A|SMC3|CDC20|STAG1|CDK1","580","669|735|717|723|729|765|711|771|741|705|777|759|672|747|699","4.03E-19","","GO:0051276","1.5374687549038326","0"
"10","7","GO Biological Process","","Establishment of sister chromatid cohesion","9.47E-16","STAG2|MAU2|NIPBL|RAD21|SMC1A|SMC3|STAG1","580","669|717|729|765|777|759|747","9.66E-19","","GO:0034085","1.5023650020996726","0"
"365","12","GO Cellular Component","","Chromosomal region","6.99E-15","STAG2|CDCA5|RAD21|WAPL|PLK1|PDS5A|PDS5B|AURKB|SMC1A|SMC3|STAG1|CDK1","580","669|723|765|753|711|771|741|705|777|759|747|699","3.41E-18","","GO:0098687","1.4155522824254319","0"
"252","11","GO Cellular Component","","Chromosome, centromeric region","8.14E-15","STAG2|CDCA5|RAD21|WAPL|PLK1|PDS5A|PDS5B|AURKB|SMC1A|SMC3|STAG1","580","669|723|765|753|711|771|741|705|777|759|747","7.95E-18","","GO:0000775","1.4089375595110798","0"
"120","9","KEGG Pathways","","Cell cycle","6.12E-14","STAG2|ESPL1|RAD21|PLK1|SMC1A|SMC3|CDC20|STAG1|CDK1","580","669|735|765|711|777|759|672|747|699","1.82E-16","","hsa04110","1.3213248577854437","0"
"120","9","WikiPathways","","Cell cycle","7.12E-14","STAG2|ESPL1|RAD21|PLK1|SMC1A|SMC3|CDC20|STAG1|CDK1","580","669|735|765|711|777|759|672|747|699","1.82E-16","","WP179","1.3147520006363143","0"
"433","11","UniProt Keywords","","Chromosome","4.43E-13","STAG2|MAU2|CDCA5|NIPBL|RAD21|WAPL|PLK1|AURKB|SMC1A|SMC3|STAG1","580","669|717|723|729|765|753|711|705|777|759|747","2.64E-15","","KW-0158","1.235359627377693","0"
"15","6","WikiPathways","","Regulation of sister chromatid separation at the metaphase-anaphase transition","1.38E-12","ESPL1|RAD21|SMC1A|SMC3|CDC20|STAG1","580","735|765|777|759|672|747","5.3E-15","","WP4240","1.1860120913598764","0"
"425","11","GO Cellular Component","","Spindle","1.47E-12","STAG2|ESPL1|RAD21|WAPL|PLK1|AURKB|SMC1A|SMC3|CDC20|STAG1|CDK1","580","669|735|765|753|711|705|777|759|672|747|699","2.16E-15","","GO:0005819","1.1832682665251824","0"
"289","10","COMPARTMENTS","","Spindle","1.57E-12","STAG2|ESPL1|WAPL|PLK1|AURKB|SMC1A|SMC3|CDC20|STAG1|CDK1","580","669|735|753|711|705|777|759|672|747|699","4.09E-15","","GOCC:0005819","1.1804100347590767","0"
"180","9","GO Cellular Component","","Mitotic spindle","3.12E-12","STAG2|ESPL1|WAPL|PLK1|AURKB|SMC1A|SMC3|STAG1|CDK1","580","669|735|753|711|705|777|759|747|699","6.1E-15","","GO:0072686","1.1505845405981556","0"
"5","5","COMPARTMENTS","","SMC loading complex","1.46E-11","MAU2|NIPBL|RAD21|WAPL|SMC3","580","717|729|765|753|759","4.43E-14","","GOCC:0032116","1.0835647144215563","0"
"5","5","STRING Clusters","","Establishment of meiotic sister chromatid cohesion","2.53E-11","STAG2|RAD21|SMC1A|SMC3|STAG1","580","669|765|777|759|747","4.43E-14","","CL:7356","1.0596879478824182","0"
"129","8","GO Biological Process","","Microtubule cytoskeleton organization involved in mitosis","5.01E-11","STAG2|ESPL1|PLK1|AURKB|SMC1A|SMC3|CDC20|STAG1","580","669|735|711|705|777|759|672|747","5.43E-14","","GO:1902850","1.0300162274132754","0"
"6","5","GO Biological Process","","Establishment of meiotic sister chromatid cohesion","7.07E-11","STAG2|RAD21|SMC1A|SMC3|STAG1","580","669|765|777|759|747","8.11E-14","","GO:0034089","1.01505805862031","0"
"3309","16","COMPARTMENTS","","Intracellular non-membrane-bounded organelle","1.2E-10","STAG2|ESPL1|MAU2|CDCA5|NIPBL|RAD21|WAPL|PLK1|PDS5A|PDS5B|AURKB|SMC1A|SMC3|CDC20|STAG1|CDK1","580","669|735|717|723|729|765|753|711|771|741|705|777|759|672|747|699","4.16E-13","","GOCC:0043232","0.9920818753952375","0"
"169","8","GO Cellular Component","","Spindle pole","1.78E-10","STAG2|RAD21|PLK1|AURKB|SMC1A|SMC3|CDC20|STAG1","580","669|765|711|705|777|759|672|747","4.36E-13","","GO:0000922","0.9749579997691106","0"
"1850","14","GO Cellular Component","","Chromosome","1.78E-10","STAG2|MAU2|CDCA5|NIPBL|RAD21|WAPL|PLK1|PDS5A|PDS5B|AURKB|SMC1A|SMC3|STAG1|CDK1","580","669|717|723|729|765|753|711|771|741|705|777|759|747|699","4.36E-13","","GO:0005694","0.9749579997691106","0"
"10","5","GO Cellular Component","","Cohesin complex","1.78E-10","STAG2|RAD21|SMC1A|SMC3|STAG1","580","669|765|777|759|747","5.26E-13","","GO:0008278","0.9749579997691106","0"
"36","6","GO Cellular Component","","Mitotic spindle pole","1.78E-10","STAG2|PLK1|AURKB|SMC1A|SMC3|STAG1","580","669|711|705|777|759|747","5.07E-13","","GO:0097431","0.9749579997691106","0"
"160","8","GO Biological Process","","Spindle organization","2.36E-10","STAG2|ESPL1|PLK1|AURKB|SMC1A|SMC3|CDC20|STAG1","580","669|735|711|705|777|759|672|747","2.86E-13","","GO:0007051","0.9627087997029893","0"
"92","7","GO Biological Process","","Protein localization to chromosome","5.61E-10","MAU2|NIPBL|RAD21|WAPL|PLK1|AURKB|CDK1","580","717|729|765|753|711|705|699","7.15E-13","","GO:0034502","0.9251037138743838","0"
"97","7","GO Biological Process","","Mitotic spindle organization","7.61E-10","STAG2|PLK1|AURKB|SMC1A|SMC3|CDC20|STAG1","580","669|711|705|777|759|672|747","1.02E-12","","GO:0007052","0.9118615343229427","0"
"98","7","GO Biological Process","","Meiotic chromosome segregation","7.78E-10","STAG2|ESPL1|RAD21|PLK1|SMC1A|SMC3|STAG1","580","669|735|765|711|777|759|747","1.09E-12","","GO:0045132","0.9109020403010311","0"
"118","7","COMPARTMENTS","","Spindle pole","8.73E-10","STAG2|PLK1|AURKB|SMC1A|SMC3|CDC20|STAG1","580","669|711|705|777|759|672|747","3.79E-12","","GOCC:0000922","0.905898575629443","0"
"8","5","DISEASES","","Cornelia de Lange syndrome","1.04E-9","NIPBL|RAD21|PDS5A|SMC1A|SMC3","580","729|765|771|777|759","2.26E-13","","DOID:11725","0.8982966660701219","0"
"138","7","UniProt Keywords","","Centromere","1.46E-9","STAG2|RAD21|PLK1|AURKB|SMC1A|SMC3|STAG1","580","669|765|711|705|777|759|747","1.09E-11","","KW-0137","0.8835647144215564","0"
"133","7","COMPARTMENTS","","Mitotic spindle","1.78E-9","STAG2|ESPL1|WAPL|SMC1A|SMC3|STAG1|CDK1","580","669|735|753|777|759|747|699","8.49E-12","","GOCC:0072686","0.8749579997691106","0"
"51","6","GO Biological Process","","Mitotic spindle assembly","2.38E-9","STAG2|AURKB|SMC1A|SMC3|CDC20|STAG1","580","669|705|777|759|672|747","3.49E-12","","GO:0090307","0.8623423042943488","0"
"6","4","COMPARTMENTS","","Nuclear meiotic cohesin complex","1.16E-8","STAG2|RAD21|SMC1A|SMC3","580","669|765|777|759","6.06E-11","","GOCC:0034991","0.7935542010773082","0"
"82","6","GO Cellular Component","","Condensed nuclear chromosome","1.17E-8","STAG2|RAD21|WAPL|PLK1|SMC1A|SMC3","580","669|765|753|711|777|759","5.14E-11","","GO:0000794","0.7931814138253839","0"
"4787","16","COMPARTMENTS","","Nucleus","2.34E-8","STAG2|ESPL1|MAU2|CDCA5|NIPBL|RAD21|WAPL|PLK1|PDS5A|PDS5B|AURKB|SMC1A|SMC3|CDC20|STAG1|CDK1","580","669|735|717|723|729|765|753|711|771|741|705|777|759|672|747|699","1.51E-10","","GOCC:0005634","0.7630784142589857","0"
"14","5","Monarch Phenotype","","Curly eyelashes","2.48E-8","STAG2|NIPBL|RAD21|SMC1A|SMC3","580","669|729|765|777|759","2.03E-12","","HP:0007665","0.7605548319173784","0"
"8","4","GO Cellular Component","","Nuclear meiotic cohesin complex","2.92E-8","STAG2|RAD21|SMC1A|SMC3","580","669|765|777|759","1.43E-10","","GO:0034991","0.7534617148551581","0"
"84","6","GO Biological Process","","Negative regulation of chromosome organization","3.19E-8","ESPL1|RAD21|WAPL|PLK1|AURKB|CDC20","580","735|765|753|711|705|672","5.9E-11","","GO:2001251","0.7496209316942819","0"
"45","5","UniProt Keywords","","Chromosome partition","4.09E-8","STAG2|ESPL1|MAU2|RAD21|STAG1","580","669|735|717|765|747","3.65E-10","","KW-0159","0.7388276691992658","0"
"542","9","GO Biological Process","","Microtubule cytoskeleton organization","4.59E-8","STAG2|ESPL1|PLK1|AURKB|SMC1A|SMC3|CDC20|STAG1|CDK1","580","669|735|711|705|777|759|672|747|699","9.37E-11","","GO:0000226","0.7338187314462739","0"
"1285","11","GO Cellular Component","","Chromatin","4.81E-8","STAG2|MAU2|CDCA5|NIPBL|RAD21|WAPL|PLK1|PDS5A|PDS5B|SMC3|STAG1","580","669|717|723|729|765|753|711|771|741|759|747","3.06E-10","","GO:0000785","0.7317854923626168","0"
"5191","16","GO Cellular Component","","Intracellular non-membrane-bounded organelle","7.85E-8","STAG2|ESPL1|MAU2|CDCA5|NIPBL|RAD21|WAPL|PLK1|PDS5A|PDS5B|AURKB|SMC1A|SMC3|CDC20|STAG1|CDK1","580","669|735|717|723|729|765|753|711|771|741|705|777|759|672|747|699","5.51E-10","","GO:0043232","0.7105130343254747","0"
"121","6","KEGG Pathways","","Oocyte meiosis","8.1E-8","ESPL1|PLK1|SMC1A|SMC3|CDC20|CDK1","580","735|711|777|759|672|699","4.82E-10","","hsa04114","0.7091514981121351","0"
"4169","15","GO Cellular Component","","Nucleoplasm","1.21E-7","STAG2|MAU2|CDCA5|NIPBL|RAD21|WAPL|PLK1|PDS5A|PDS5B|AURKB|SMC1A|SMC3|CDC20|STAG1|CDK1","580","669|717|723|729|765|753|711|771|741|705|777|759|672|747|699","1.0E-9","","GO:0005654","0.691721462968355","0"
"275","7","GO Cellular Component","","Condensed chromosome","1.33E-7","STAG2|RAD21|WAPL|PLK1|AURKB|SMC1A|SMC3","580","669|765|753|711|705|777|759","1.17E-9","","GO:0000793","0.6876148359032914","0"
"44","5","GO Biological Process","","Protein localization to chromatin","1.52E-7","MAU2|NIPBL|RAD21|WAPL|PLK1","580","717|729|765|753|711","3.29E-10","","GO:0071168","0.6818156412055227","0"
"476","8","COMPARTMENTS","","Chromatin","1.83E-7","STAG2|MAU2|CDCA5|WAPL|PDS5A|PDS5B|SMC3|STAG1","580","669|717|723|753|771|741|759|747","1.35E-9","","GOCC:0000785","0.6737548910269571","0"
"7","4","DISEASES","","Roberts syndrome","2.19E-7","NIPBL|PDS5A|SMC1A|SMC3","580","729|771|777|759","9.51E-11","","DOID:5325","0.6659555885159881","0"
"60","5","Reactome Pathways","","Meiotic synapsis","2.48E-7","STAG2|RAD21|SMC1A|SMC3|STAG1","580","669|765|777|759|747","1.41E-9","","HSA-1221632","0.6605548319173784","0"
"253","7","GO Biological Process","","Regulation of chromosome organization","2.88E-7","ESPL1|CDCA5|RAD21|WAPL|PLK1|AURKB|CDC20","580","735|723|765|753|711|705|672","6.62E-10","","GO:0033044","0.6540607512240769","0"
"128","6","GO Biological Process","","Regulation of chromosome segregation","2.88E-7","ESPL1|RAD21|WAPL|PLK1|AURKB|CDC20","580","735|765|753|711|705|672","6.67E-10","","GO:0051983","0.6540607512240769","0"
"69","5","COMPARTMENTS","","Nuclear matrix","3.51E-7","STAG2|RAD21|SMC1A|SMC3|STAG1","580","669|765|777|759|747","2.75E-9","","GOCC:0016363","0.6454692883534177","0"
"73","5","COMPARTMENTS","","Condensed nuclear chromosome","4.35E-7","STAG2|RAD21|AURKB|SMC1A|SMC3","580","669|765|705|777|759","3.59E-9","","GOCC:0000794","0.6361510743045363","0"
"272","7","GO Biological Process","","Negative regulation of cell cycle process","4.46E-7","ESPL1|RAD21|WAPL|PLK1|AURKB|CDC20|CDK1","580","735|765|753|711|705|672|699","1.08E-9","","GO:0010948","0.6350665141287858","0"
"166","6","Reactome Pathways","","SUMO E3 ligases SUMOylate target proteins","4.91E-7","STAG2|RAD21|AURKB|SMC1A|SMC3|STAG1","580","669|765|705|777|759|747","3.01E-9","","HSA-3108232","0.6308918507877032","0"
"75","5","Reactome Pathways","","SUMOylation of DNA damage response and repair proteins","5.83E-7","STAG2|RAD21|SMC1A|SMC3|STAG1","580","669|765|777|759|747","4.09E-9","","HSA-3108214","0.6234331445240986","0"
"744","9","GO Biological Process","","Cellular response to DNA damage stimulus","5.97E-7","CDCA5|NIPBL|RAD21|PLK1|PDS5A|PDS5B|SMC1A|SMC3|CDK1","580","723|729|765|711|771|741|777|759|699","1.48E-9","","GO:0006974","0.6224025668870631","0"
"497","8","GO Biological Process","","DNA repair","7.39E-7","CDCA5|NIPBL|RAD21|PDS5A|PDS5B|SMC1A|SMC3|CDK1","580","723|729|765|771|741|777|759|699","1.88E-9","","GO:0006281","0.6131355561605174","0"
"21","4","GO Biological Process","","Regulation of sister chromatid cohesion","1.35E-6","ESPL1|CDCA5|RAD21|WAPL","580","735|723|765|753","3.62E-9","","GO:0007063","0.5869666231504993","0"
"332","7","GO Biological Process","","Regulation of mitotic cell cycle phase transition","1.53E-6","ESPL1|CDCA5|RAD21|PLK1|AURKB|CDC20|CDK1","580","735|723|765|711|705|672|699","4.18E-9","","GO:1901990","0.5815308569182401","0"
"31","4","COMPARTMENTS","","Mitotic spindle pole","1.63E-6","STAG2|SMC1A|SMC3|STAG1","580","669|777|759|747","1.49E-8","","GOCC:0097431","0.5787812395596041","0"
"11","4","Monarch Phenotype","","Phthisis bulbi","2.4E-6","NIPBL|RAD21|SMC1A|SMC3","580","729|765|777|759","3.93E-10","","HP:0000667","0.5619788758288393","0"
"13","4","Monarch Phenotype","","Volvulus","2.4E-6","NIPBL|RAD21|SMC1A|SMC3","580","729|765|777|759","6.84E-10","","HP:0002580","0.5619788758288393","0"
"12","4","Monarch Phenotype","","Abnormally low-pitched voice","2.4E-6","NIPBL|RAD21|SMC1A|SMC3","580","729|765|777|759","5.23E-10","","HP:0010300","0.5619788758288393","0"
"5278","15","UniProt Keywords","","Nucleus","3.08E-6","STAG2|ESPL1|MAU2|CDCA5|NIPBL|RAD21|WAPL|PLK1|PDS5A|PDS5B|AURKB|SMC1A|SMC3|STAG1|CDK1","580","669|735|717|723|729|765|753|711|771|741|705|777|759|747|699","3.2E-8","","KW-0539","0.5511449283499557","0"
"91","5","GO Biological Process","","Regulation of mitotic metaphase/anaphase transition","3.52E-6","ESPL1|RAD21|PLK1|AURKB|CDC20","580","735|765|711|705|672","1.03E-8","","GO:0030071","0.545345733652187","0"
"62","5","Monarch Phenotype","","Cutis marmorata","4.03E-6","NIPBL|RAD21|SMC1A|SMC3|STAG1","580","729|765|777|759|747","1.65E-9","","HP:0000965","0.5394694953858891","0"
"17","4","Monarch Phenotype","","Short 1st metacarpal","4.03E-6","NIPBL|RAD21|SMC1A|SMC3","580","729|765|777|759","1.72E-9","","HP:0010034","0.5394694953858891","0"
"6","3","Reactome Pathways","","Phosphorylation of Emi1","4.41E-6","PLK1|CDC20|CDK1","580","711|672|699","3.67E-8","","HSA-176417","0.5355561410532161","0"
"119","5","Reactome Pathways","","Estrogen-dependent gene expression","4.41E-6","STAG2|RAD21|SMC1A|SMC3|STAG1","580","669|765|777|759|747","3.75E-8","","HSA-9018519","0.5355561410532161","0"
"5438","15","GO Cellular Component","","Cytosol","4.84E-6","STAG2|ESPL1|CDCA5|NIPBL|RAD21|WAPL|PLK1|PDS5A|PDS5B|AURKB|SMC1A|SMC3|CDC20|STAG1|CDK1","580","669|735|723|729|765|753|711|771|741|705|777|759|672|747|699","4.96E-8","","GO:0005829","0.5315154638355588","0"
"128","5","GO Cellular Component","","Nuclear matrix","4.96E-6","STAG2|RAD21|SMC1A|SMC3|STAG1","580","669|765|777|759|747","5.33E-8","","GO:0016363","0.5304518323509803","0"
"33","4","GO Biological Process","","Negative regulation of mitotic metaphase/anaphase transition","6.02E-6","RAD21|PLK1|AURKB|CDC20","580","765|711|705|672","1.88E-8","","GO:0045841","0.5220403508742175","0"
"73","5","Monarch Phenotype","","Congenital diaphragmatic hernia","6.26E-6","STAG2|NIPBL|RAD21|SMC1A|SMC3","580","669|729|765|777|759","3.59E-9","","HP:0000776","0.5203425666789571","0"
"24","4","Monarch Phenotype","","Increased nuchal translucency","7.94E-6","NIPBL|RAD21|SMC1A|SMC3","580","729|765|777|759","5.85E-9","","HP:0010880","0.5100179497572903","0"
"716","8","GO Biological Process","","Regulation of cell cycle process","8.39E-6","ESPL1|CDCA5|RAD21|WAPL|PLK1|AURKB|CDC20|CDK1","580","735|723|765|753|711|705|672|699","3.15E-8","","GO:0010564","0.50762380391713","0"
"118","5","GO Biological Process","","Regulation of mitotic nuclear division","9.41E-6","ESPL1|RAD21|PLK1|AURKB|CDC20","580","735|765|711|705|672","3.6E-8","","GO:0007088","0.5026410376572743","0"
"216","6","Monarch Phenotype","","Abnormal eyelash morphology","1.01E-5","STAG2|NIPBL|RAD21|SMC1A|SMC3|STAG1","580","669|729|765|777|759|747","1.39E-8","","HP:0000499","0.4995678626217358","0"
"87","5","Monarch Phenotype","","Long eyelashes","1.01E-5","NIPBL|RAD21|SMC1A|SMC3|STAG1","580","729|765|777|759|747","8.32E-9","","HP:0000527","0.4995678626217358","0"
"30","4","Monarch Phenotype","","Hypoplastic nipples","1.01E-5","NIPBL|RAD21|SMC1A|SMC3","580","729|765|777|759","1.32E-8","","HP:0002557","0.4995678626217358","0"
"29","4","Monarch Phenotype","","Severe postnatal growth retardation","1.01E-5","NIPBL|RAD21|SMC1A|SMC3","580","729|765|777|759","1.17E-8","","HP:0008850","0.4995678626217358","0"
"27","4","Monarch Phenotype","","Oligodactyly","1.01E-5","NIPBL|RAD21|SMC1A|SMC3","580","729|765|777|759","8.98E-9","","HP:0012165","0.4995678626217358","0"
"32","4","Monarch Phenotype","","Proximal placement of thumb","1.14E-5","NIPBL|RAD21|SMC1A|SMC3","580","729|765|777|759","1.68E-8","","HP:0009623","0.4943095148663527","0"
"3","3","DISEASES","","Cornelia de Lange syndrome 3","1.34E-5","NIPBL|SMC1A|SMC3","580","729|777|759","8.76E-9","","DOID:0080507","0.4872895201635193","0"
"3","3","DISEASES","","Familial isolated trichomegaly","1.34E-5","NIPBL|SMC1A|SMC3","580","729|777|759","8.76E-9","","DOID:0111566","0.4872895201635193","0"
"35","4","Monarch Phenotype","","Deviation of the thumb","1.5E-5","NIPBL|RAD21|SMC1A|SMC3","580","729|765|777|759","2.34E-8","","HP:0009603","0.4823908740944319","0"
"159","5","COMPARTMENTS","","DNA packaging complex","1.52E-5","STAG2|RAD21|SMC1A|SMC3|STAG1","580","669|765|777|759|747","1.52E-7","","GOCC:0044815","0.4818156412055227","0"
"36","4","Monarch Phenotype","","Hypoplastic labia majora","1.58E-5","NIPBL|RAD21|SMC1A|SMC3","580","729|765|777|759","2.6E-8","","HP:0000059","0.4801342913045577","0"
"112","5","Monarch Phenotype","","Low anterior hairline","1.63E-5","STAG2|NIPBL|RAD21|SMC1A|SMC3","580","669|729|765|777|759","2.8E-8","","HP:0000294","0.47878123955960417","0"
"38","4","Monarch Phenotype","","Truncal obesity","1.69E-5","NIPBL|RAD21|SMC1A|SMC3","580","729|765|777|759","3.18E-8","","HP:0001956","0.4772113295386326","0"
"42","4","Monarch Phenotype","","Atresia of the external auditory canal","2.06E-5","NIPBL|RAD21|SMC1A|SMC3","580","729|765|777|759","4.62E-8","","HP:0000413","0.46861327796308466","0"
"43","4","Monarch Phenotype","","Blepharitis","2.06E-5","NIPBL|RAD21|SMC1A|SMC3","580","729|765|777|759","5.05E-8","","HP:0000498","0.46861327796308466","0"
"122","5","Monarch Phenotype","","Synophrys","2.06E-5","NIPBL|RAD21|SMC1A|SMC3|STAG1","580","729|765|777|759|747","4.23E-8","","HP:0000664","0.46861327796308466","0"
"7672","16","GO Cellular Component","","Nucleus","2.07E-5","STAG2|ESPL1|MAU2|CDCA5|NIPBL|RAD21|WAPL|PLK1|PDS5A|PDS5B|AURKB|SMC1A|SMC3|CDC20|STAG1|CDK1","580","669|735|717|723|729|765|753|711|771|741|705|777|759|672|747|699","2.83E-7","","GO:0005634","0.46840296545430826","0"
"132","5","Monarch Phenotype","","Facial hypertrichosis","2.29E-5","NIPBL|RAD21|SMC1A|SMC3|STAG1","580","729|765|777|759|747","6.19E-8","","HP:0002219","0.46401645176601114","0"
"45","4","Monarch Phenotype","","Abnormal labia majora morphology","2.29E-5","NIPBL|RAD21|SMC1A|SMC3","580","729|765|777|759","5.99E-8","","HP:0012881","0.46401645176601114","0"
"46","4","Monarch Phenotype","","Obsolete Abnormality of the ulna","2.34E-5","NIPBL|RAD21|SMC1A|SMC3","580","729|765|777|759","6.51E-8","","HP:0002997","0.46307841425898577","0"
"47","4","Monarch Phenotype","","Labial hypoplasia","2.46E-5","NIPBL|RAD21|SMC1A|SMC3","580","729|765|777|759","7.06E-8","","HP:0000066","0.46090648928966205","0"
"137","5","Monarch Phenotype","","Single transverse palmar crease","2.51E-5","NIPBL|RAD21|SMC1A|SMC3|STAG1","580","729|765|777|759|747","7.4E-8","","HP:0000954","0.46003262785189614","0"
"292","6","Monarch Phenotype","","Clinodactyly of the 5th finger","2.64E-5","STAG2|NIPBL|RAD21|SMC1A|SMC3|STAG1","580","669|729|765|777|759|747","8.0E-8","","HP:0004209","0.4578396073130169","0"
"293","6","Monarch Phenotype","","Deviation of the 5th finger","2.64E-5","STAG2|NIPBL|RAD21|SMC1A|SMC3|STAG1","580","669|729|765|777|759|747","8.16E-8","","HP:0009179","0.4578396073130169","0"
"50","4","Monarch Phenotype","","Radioulnar synostosis","2.72E-5","NIPBL|RAD21|SMC1A|SMC3","580","729|765|777|759","8.93E-8","","HP:0002974","0.45654310959658007","0"
"11","3","WikiPathways","","SMC1/SMC3 role in DNA damage - Cornelia de Lange Syndrome","3.1E-5","RAD21|SMC1A|SMC3","580","765|777|759","1.59E-7","","WP5118","0.4508638306165727","0"
"584","8","GO Molecular Function","","Chromatin binding","3.24E-5","STAG2|CDCA5|NIPBL|RAD21|SMC1A|SMC3|STAG1|CDK1","580","669|723|729|765|777|759|747|699","6.56E-9","","GO:0003682","0.4489454989793388","0"
"150","5","Monarch Phenotype","","Abnormality of the frontal hairline","3.41E-5","STAG2|NIPBL|RAD21|SMC1A|SMC3","580","669|729|765|777|759","1.15E-7","","HP:0000599","0.44672456210075023","0"
"55","4","Monarch Phenotype","","Bilateral single transverse palmar creases","3.72E-5","NIPBL|RAD21|SMC1A|SMC3","580","729|765|777|759","1.28E-7","","HP:0007598","0.44294570601181027","0"
"4","3","GO Molecular Function","","Mediator complex binding","3.78E-5","NIPBL|SMC1A|SMC3","580","729|777|759","1.53E-8","","GO:0036033","0.44225082001627747","0"
"167","5","GO Biological Process","","Negative regulation of mitotic cell cycle phase transition","4.26E-5","RAD21|PLK1|AURKB|CDC20|CDK1","580","765|711|705|672|699","1.93E-7","","GO:1901991","0.43705904008972807","0"
"331","6","Monarch Phenotype","","Gastroesophageal reflux","4.59E-5","STAG2|NIPBL|RAD21|SMC1A|SMC3|STAG1","580","669|729|765|777|759|747","1.65E-7","","HP:0002020","0.4338187314462739","0"
"63","4","GO Biological Process","","Negative regulation of G2/M transition of mitotic cell cycle","4.68E-5","RAD21|PLK1|AURKB|CDK1","580","765|711|705|699","2.15E-7","","GO:0010972","0.4329754146925876","0"
"64","4","Monarch Phenotype","","Abnormality of the auditory canal","6.19E-5","NIPBL|RAD21|SMC1A|SMC3","580","729|765|777|759","2.28E-7","","HP:0000372","0.42083093509798825","0"
"174","5","Monarch Phenotype","","Abnormality of the palmar creases","6.23E-5","NIPBL|RAD21|SMC1A|SMC3|STAG1","580","729|765|777|759|747","2.35E-7","","HP:0010490","0.4205511953340831","0"
"5325","14","COMPARTMENTS","","Protein-containing complex","7.25E-5","STAG2|ESPL1|MAU2|NIPBL|RAD21|WAPL|PLK1|PDS5A|AURKB|SMC1A|SMC3|CDC20|STAG1|CDK1","580","669|735|717|729|765|753|711|771|705|777|759|672|747|699","7.56E-7","","GOCC:0032991","0.4139661993429006","0"
"87","4","Reactome Pathways","","APC/C-mediated degradation of cell cycle proteins","7.69E-5","PLK1|AURKB|CDC20|CDK1","580","711|705|672|699","7.41E-7","","HSA-174143","0.4114073660198569","0"
"1067","9","TISSUES","","Leukemia cell","8.15E-5","STAG2|ESPL1|NIPBL|RAD21|PLK1|AURKB|SMC1A|SMC3|CDK1","580","669|735|729|765|711|705|777|759|699","3.36E-8","","BTO:0001271","0.4088842391260023","0"
"73","4","Monarch Phenotype","","Elbow dislocation","9.22E-5","NIPBL|RAD21|SMC1A|SMC3","580","729|765|777|759","3.78E-7","","HP:0003042","0.4035269078946371","0"
"665","7","Monarch Phenotype","","Oral cleft","1.1E-4","STAG2|MAU2|NIPBL|RAD21|SMC1A|SMC3|STAG1","580","669|717|729|765|777|759|747","4.53E-7","","HP:0000202","0.3958607314841775","0"
"206","5","Monarch Phenotype","","Toe syndactyly","1.1E-4","NIPBL|RAD21|SMC1A|SMC3|STAG1","580","729|765|777|759|747","5.31E-7","","HP:0001770","0.3958607314841775","0"
"78","4","Monarch Phenotype","","Generalized hirsutism","1.1E-4","NIPBL|RAD21|SMC1A|SMC3","580","729|765|777|759","4.87E-7","","HP:0002230","0.3958607314841775","0"
"1504","9","GO Biological Process","","Reproductive process","1.3E-4","STAG2|ESPL1|NIPBL|RAD21|PLK1|SMC1A|SMC3|STAG1|CDK1","580","669|735|729|765|711|777|759|747|699","6.29E-7","","GO:0022414","0.3886056647693163","0"
"83","4","Monarch Phenotype","","Low posterior hairline","1.3E-4","NIPBL|RAD21|SMC1A|SMC3","580","729|765|777|759","6.18E-7","","HP:0002162","0.3886056647693163","0"
"215","5","Monarch Phenotype","","Hip dislocation","1.3E-4","STAG2|NIPBL|RAD21|SMC1A|SMC3","580","669|729|765|777|759","6.53E-7","","HP:0002827","0.3886056647693163","0"
"83","4","Monarch Phenotype","","Abnormality of the posterior hairline","1.3E-4","NIPBL|RAD21|SMC1A|SMC3","580","729|765|777|759","6.18E-7","","HP:0030141","0.3886056647693163","0"
"87","4","Monarch Phenotype","","Widely spaced teeth","1.4E-4","NIPBL|RAD21|SMC1A|SMC3","580","729|765|777|759","7.41E-7","","HP:0000687","0.38538719643217617","0"
"87","4","Monarch Phenotype","","Obsessive-compulsive behavior","1.4E-4","NIPBL|RAD21|SMC1A|SMC3","580","729|765|777|759","7.41E-7","","HP:0000722","0.38538719643217617","0"
"96","4","Monarch Phenotype","","Micromelia","1.9E-4","NIPBL|RAD21|SMC1A|SMC3","580","729|765|777|759","1.08E-6","","HP:0002983","0.3721246399047171","0"
"101","4","Monarch Phenotype","","Choanal atresia","2.1E-4","NIPBL|RAD21|SMC1A|SMC3","580","729|765|777|759","1.32E-6","","HP:0000453","0.3677780705266081","0"
"100","4","Monarch Phenotype","","Primary amenorrhea","2.1E-4","NIPBL|RAD21|SMC1A|SMC3","580","729|765|777|759","1.27E-6","","HP:0000786","0.3677780705266081","0"
"100","4","Monarch Phenotype","","Pyloric stenosis","2.1E-4","NIPBL|RAD21|SMC1A|SMC3","580","729|765|777|759","1.27E-6","","HP:0002021","0.3677780705266081","0"
"249","5","Monarch Phenotype","","Abnormality of the elbow","2.1E-4","NIPBL|RAD21|SMC1A|SMC3|STAG1","580","729|765|777|759|747","1.33E-6","","HP:0009811","0.3677780705266081","0"
"105","4","Monarch Phenotype","","Short foot","2.4E-4","NIPBL|RAD21|SMC1A|SMC3","580","729|765|777|759","1.53E-6","","HP:0001773","0.3619788758288394","0"
"2","2","GO Cellular Component","","Scc2-Scc4 cohesin loading complex","2.5E-4","MAU2|NIPBL","580","717|729","3.7E-6","","GO:0090694","0.3602059991327963","0"
"107","4","Monarch Phenotype","","Multicystic kidney dysplasia","2.5E-4","NIPBL|RAD21|SMC1A|SMC3","580","729|765|777|759","1.64E-6","","HP:0000003","0.3602059991327963","0"
"251","5","GO Biological Process","","Positive regulation of cell cycle process","2.6E-4","ESPL1|CDCA5|RAD21|AURKB|CDK1","580","735|723|765|705|699","1.38E-6","","GO:0090068","0.35850266520291824","0"
"269","5","Monarch Phenotype","","Thin upper lip vermilion","2.9E-4","STAG2|NIPBL|RAD21|SMC1A|SMC3","580","669|729|765|777|759","1.93E-6","","HP:0000219","0.3537602002101044","0"
"112","4","Monarch Phenotype","","Thick eyebrow","2.9E-4","NIPBL|RAD21|SMC1A|SMC3","580","729|765|777|759","1.96E-6","","HP:0000574","0.3537602002101044","0"
"274","5","Monarch Phenotype","","Anxiety","3.0E-4","STAG2|NIPBL|RAD21|SMC1A|SMC3","580","669|729|765|777|759","2.11E-6","","HP:0000739","0.35228787452803373","0"
"114","4","Monarch Phenotype","","Intestinal malrotation","3.0E-4","NIPBL|RAD21|SMC1A|SMC3","580","729|765|777|759","2.1E-6","","HP:0002566","0.35228787452803373","0"
"116","4","Monarch Phenotype","","Downturned corners of mouth","3.1E-4","NIPBL|RAD21|SMC1A|SMC3","580","729|765|777|759","2.25E-6","","HP:0002714","0.3508638306165727","0"
"116","4","Monarch Phenotype","","Small hand","3.1E-4","NIPBL|RAD21|SMC1A|SMC3","580","729|765|777|759","2.25E-6","","HP:0200055","0.3508638306165727","0"
"1850","9","COMPARTMENTS","","Nuclear lumen","3.2E-4","STAG2|MAU2|RAD21|PLK1|AURKB|SMC1A|SMC3|STAG1|CDK1","580","669|717|765|711|705|777|759|747|699","3.58E-6","","GOCC:0031981","0.34948500216800943","0"
"2","2","COMPARTMENTS","","Scc2-Scc4 cohesin loading complex","3.2E-4","MAU2|NIPBL","580","717|729","3.7E-6","","GOCC:0090694","0.34948500216800943","0"
"40","3","GO Cellular Component","","Synaptonemal complex","3.4E-4","WAPL|PLK1|SMC3","580","753|711|759","5.31E-6","","GO:0000795","0.34685210829577445","0"
"284","5","Monarch Phenotype","","Attention deficit hyperactivity disorder","3.4E-4","STAG2|NIPBL|RAD21|SMC1A|SMC3","580","669|729|765|777|759","2.5E-6","","HP:0007018","0.34685210829577445","0"
"286","5","Monarch Phenotype","","Tooth malposition","3.5E-4","NIPBL|RAD21|SMC1A|SMC3|STAG1","580","729|765|777|759|747","2.59E-6","","HP:0000692","0.3455931955649724","0"
"142","4","COMPARTMENTS","","Midbody","3.8E-4","RAD21|PLK1|AURKB|CDK1","580","765|711|705|699","4.9E-6","","GOCC:0030496","0.342021640338319","0"
"125","4","Monarch Phenotype","","Vesicoureteral reflux","3.9E-4","NIPBL|RAD21|SMC1A|SMC3","580","729|765|777|759","3.0E-6","","HP:0000076","0.3408935392973501","0"
"126","4","Monarch Phenotype","","Microcornea","3.9E-4","NIPBL|RAD21|SMC1A|SMC3","580","729|765|777|759","3.09E-6","","HP:0000482","0.3408935392973501","0"
"132","4","Monarch Phenotype","","Autism","4.4E-4","NIPBL|RAD21|SMC1A|SMC3","580","729|765|777|759","3.7E-6","","HP:0000717","0.33565473235138127","0"
"135","4","Monarch Phenotype","","Premature birth","4.7E-4","NIPBL|RAD21|SMC1A|SMC3","580","729|765|777|759","4.03E-6","","HP:0001622","0.33279021420642824","0"
"31","3","GO Biological Process","","Mitotic spindle assembly checkpoint signaling","4.8E-4","PLK1|AURKB|CDC20","580","711|705|672","2.58E-6","","GO:0007094","0.3318758762624413","0"
"1405","8","Reactome Pathways","","Post-translational protein modification","4.8E-4","STAG2|RAD21|AURKB|SMC1A|SMC3|CDC20|STAG1|CDK1","580","669|765|705|777|759|672|747|699","5.22E-6","","HSA-597592","0.3318758762624413","0"
"419","6","TISSUES","","Lymphocytic leukemia cell","5.2E-4","STAG2|NIPBL|RAD21|SMC1A|SMC3|CDK1","580","669|729|765|777|759|699","6.46E-7","","BTO:0000744","0.3283996656365201","0"
"244","5","TISSUES","","Erythroleukemia cell","5.3E-4","RAD21|PLK1|AURKB|SMC3|CDK1","580","765|711|705|759|699","1.2E-6","","BTO:0000426","0.3275724130399211","0"
"442","6","TISSUES","","Bone marrow cancer cell","5.3E-4","RAD21|PLK1|AURKB|SMC3|CDC20|CDK1","580","765|711|705|759|672|699","8.79E-7","","BTO:0000583","0.3275724130399211","0"
"1600","9","TISSUES","","Lymphoid tissue","5.3E-4","STAG2|MAU2|PLK1|PDS5B|AURKB|SMC3|CDC20|STAG1|CDK1","580","669|717|711|741|705|759|672|747|699","1.06E-6","","BTO:0000753","0.3275724130399211","0"
"140","4","Monarch Phenotype","","Hip dysplasia","5.4E-4","NIPBL|RAD21|SMC1A|SMC3","580","729|765|777|759","4.64E-6","","HP:0001385","0.3267606240177031","0"
"127","4","GO Biological Process","","Mitotic cell cycle checkpoint signaling","5.6E-4","PLK1|AURKB|CDC20|CDK1","580","711|705|672|699","3.19E-6","","GO:0007093","0.32518119729938","0"
"144","4","Monarch Phenotype","","Smooth philtrum","5.9E-4","STAG2|RAD21|SMC1A|SMC3","580","669|765|777|759","5.17E-6","","HP:0000319","0.32291479883578555","0"
"331","5","Monarch Phenotype","","Long philtrum","5.9E-4","STAG2|NIPBL|RAD21|SMC1A|SMC3","580","669|729|765|777|759","5.22E-6","","HP:0000343","0.32291479883578555","0"
"146","4","Monarch Phenotype","","Limited elbow movement","6.1E-4","NIPBL|SMC1A|SMC3|STAG1","580","729|777|759|747","5.46E-6","","HP:0002996","0.3214670164989233","0"
"148","4","Monarch Phenotype","","Amenorrhea","6.3E-4","NIPBL|RAD21|SMC1A|SMC3","580","729|765|777|759","5.75E-6","","HP:0000141","0.3200659450546418","0"
"617","6","Monarch Phenotype","","Cleft palate","6.3E-4","STAG2|MAU2|NIPBL|RAD21|SMC1A|SMC3","580","669|717|729|765|777|759","5.94E-6","","HP:0000175","0.3200659450546418","0"
"2","2","GO Biological Process","","Cohesin loading","6.5E-4","MAU2|NIPBL","580","717|729","3.7E-6","","GO:0071921","0.31870866433571443","0"
"151","4","Monarch Phenotype","","Joint stiffness","6.5E-4","NIPBL|RAD21|SMC1A|SMC3","580","729|765|777|759","6.21E-6","","HP:0001387","0.31870866433571443","0"
"153","4","Monarch Phenotype","","Delayed puberty","6.7E-4","NIPBL|RAD21|SMC1A|SMC3","580","729|765|777|759","6.54E-6","","HP:0000823","0.31739251972991733","0"
"351","5","Monarch Phenotype","","Syndactyly","7.0E-4","NIPBL|RAD21|SMC1A|SMC3|STAG1","580","729|765|777|759|747","6.92E-6","","HP:0001159","0.3154901959985743","0"
"635","6","Monarch Phenotype","","High palate","7.1E-4","STAG2|NIPBL|RAD21|SMC1A|SMC3|STAG1","580","669|729|765|777|759|747","6.99E-6","","HP:0000218","0.31487416512809246","0"
"353","5","Monarch Phenotype","","Atrial septal defect","7.1E-4","STAG2|NIPBL|RAD21|SMC1A|SMC3","580","669|729|765|777|759","7.11E-6","","HP:0001631","0.31487416512809246","0"
"136","4","GO Biological Process","","Regulation of DNA replication","7.2E-4","WAPL|PDS5A|SMC3|CDK1","580","753|771|759|699","4.15E-6","","GO:0006275","0.3142667503568731","0"
"356","5","Monarch Phenotype","","Limitation of joint mobility","7.3E-4","NIPBL|RAD21|SMC1A|SMC3|STAG1","580","729|765|777|759|747","7.41E-6","","HP:0001376","0.3136677139879544","0"
"649","6","Monarch Phenotype","","Low-set ears","7.7E-4","STAG2|NIPBL|RAD21|SMC1A|SMC3|STAG1","580","669|729|765|777|759|747","7.92E-6","","HP:0000369","0.31135092748275184","0"
"1035","7","Monarch Phenotype","","Abnormal palate morphology","8.2E-4","STAG2|MAU2|NIPBL|RAD21|SMC1A|SMC3|STAG1","580","669|717|729|765|777|759|747","8.48E-6","","HP:0000174","0.30861861476162833","0"
"659","6","Monarch Phenotype","","Micrognathia","8.3E-4","STAG2|NIPBL|RAD21|SMC1A|SMC3|STAG1","580","669|729|765|777|759|747","8.63E-6","","HP:0000347","0.30809219076239264","0"
"660","6","Monarch Phenotype","","Aplasia/Hypoplasia of the mandible","8.3E-4","STAG2|NIPBL|RAD21|SMC1A|SMC3|STAG1","580","669|729|765|777|759|747","8.71E-6","","HP:0009118","0.30809219076239264","0"
"373","5","Monarch Phenotype","","Abnormality of upper lip vermillion","8.7E-4","STAG2|NIPBL|RAD21|SMC1A|SMC3","580","669|729|765|777|759","9.26E-6","","HP:0011339","0.3060480747381381","0"
"378","5","Monarch Phenotype","","Ventricular septal defect","9.1E-4","STAG2|NIPBL|RAD21|SMC1A|SMC3","580","669|729|765|777|759","9.87E-6","","HP:0001629","0.30409586076789064","0"
"5","2","COMPARTMENTS","","Mitotic cohesin complex","9.3E-4","RAD21|SMC3","580","765|759","1.29E-5","","GOCC:0030892","0.3031517051446065","0"
"679","6","Monarch Phenotype","","Abnormal location of ears","9.4E-4","STAG2|NIPBL|RAD21|SMC1A|SMC3|STAG1","580","669|729|765|777|759|747","1.02E-5","","HP:0000357","0.3026872146400301","0"
"42","3","GO Biological Process","","Chromosome condensation","0.001","CDCA5|PLK1|CDK1","580","723|711|699","6.09E-6","","GO:0030261","0.3","0"
"390","5","Monarch Phenotype","","Intellectual disability, severe","0.001","NIPBL|RAD21|SMC1A|SMC3|STAG1","580","729|765|777|759|747","1.15E-5","","HP:0010864","0.3","0"
"201","4","GO Cellular Component","","Midbody","0.0011","RAD21|PLK1|AURKB|CDK1","580","765|711|705|699","1.87E-5","","GO:0030496","0.2958607314841775","0"
"181","4","Monarch Phenotype","","Delayed eruption of teeth","0.0011","NIPBL|RAD21|SMC1A|SMC3","580","729|765|777|759","1.25E-5","","HP:0000684","0.2958607314841775","0"
"180","4","Monarch Phenotype","","Prenatal movement abnormality","0.0011","NIPBL|RAD21|SMC1A|SMC3","580","729|765|777|759","1.22E-5","","HP:0001557","0.2958607314841775","0"
"179","4","Monarch Phenotype","","Highly arched eyebrow","0.0011","NIPBL|RAD21|SMC1A|SMC3","580","729|765|777|759","1.2E-5","","HP:0002553","0.2958607314841775","0"
"45","3","WikiPathways","","ATM signaling in development and disease ","0.0012","AURKB|SMC1A|CDK1","580","705|777|699","7.42E-6","","WP3878","0.29208187539523756","0"
"337","6","InterPro Domains","","Armadillo-type fold","0.0013","STAG2|NIPBL|WAPL|PDS5A|PDS5B|STAG1","580","669|729|753|771|741|747","1.84E-7","","IPR016024","0.2886056647693163","0"
"195","4","Monarch Phenotype","","Abnormality of the uterus","0.0013","NIPBL|RAD21|SMC1A|SMC3","580","729|765|777|759","1.67E-5","","HP:0000130","0.2886056647693163","0"
"191","4","Monarch Phenotype","","Brachycephaly","0.0013","NIPBL|RAD21|SMC1A|SMC3","580","729|765|777|759","1.54E-5","","HP:0000248","0.2886056647693163","0"
"8122","15","UniProt Keywords","","Phosphoprotein","0.0014","STAG2|ESPL1|CDCA5|NIPBL|RAD21|WAPL|PLK1|PDS5A|PDS5B|AURKB|SMC1A|SMC3|CDC20|STAG1|CDK1","580","669|735|723|729|765|753|711|771|741|705|777|759|672|747|699","1.67E-5","","KW-0597","0.2853871964321762","0"
"196","4","Monarch Phenotype","","Low-set, posteriorly rotated ears","0.0014","NIPBL|RAD21|SMC1A|SMC3","580","729|765|777|759","1.7E-5","","HP:0000368","0.2853871964321762","0"
"6","2","Monarch Phenotype","","Semilobar holoprosencephaly","0.0014","STAG2|SMC1A","580","669|777","1.72E-5","","HP:0002507","0.2853871964321762","0"
"4","2","GO Biological Process","","Maintenance of mitotic sister chromatid cohesion","0.0015","MAU2|NIPBL","580","717|729","9.25E-6","","GO:0034088","0.28239087409443187","0"
"4","2","GO Biological Process","","Regulation of cohesin loading","0.0015","CDCA5|WAPL","580","723|753","9.25E-6","","GO:0071922","0.28239087409443187","0"
"432","5","Monarch Phenotype","","Sleep disturbance","0.0015","STAG2|NIPBL|RAD21|SMC1A|SMC3","580","669|729|765|777|759","1.87E-5","","HP:0002360","0.28239087409443187","0"
"452","5","Monarch Phenotype","","Hypoplastic male external genitalia","0.0017","NIPBL|RAD21|SMC1A|SMC3|STAG1","580","729|765|777|759|747","2.32E-5","","HP:0000050","0.2769551078621726","0"
"7","2","Reactome Pathways","","Activation of NIMA Kinases NEK9, NEK6, NEK7","0.0019","PLK1|CDK1","580","711|699","2.22E-5","","HSA-2980767","0.27212463990471714","0"
"460","5","Monarch Phenotype","","Autistic behavior","0.0019","NIPBL|RAD21|SMC1A|SMC3|STAG1","580","729|765|777|759|747","2.52E-5","","HP:0000729","0.27212463990471714","0"
"5","2","GO Biological Process","","Negative regulation of sister chromatid cohesion","0.002","ESPL1|WAPL","580","735|753","1.29E-5","","GO:0045875","0.2698970004336019","0"
"5","2","GO Biological Process","","Regulation of anaphase-promoting complex-dependent catabolic process","0.002","PLK1|CDC20","580","711|672","1.29E-5","","GO:1905784","0.2698970004336019","0"
"223","4","Monarch Phenotype","","Macrotia","0.002","NIPBL|RAD21|SMC1A|SMC3","580","729|765|777|759","2.79E-5","","HP:0000400","0.2698970004336019","0"
"469","5","Monarch Phenotype","","Intrauterine growth retardation","0.002","NIPBL|RAD21|SMC1A|SMC3|STAG1","580","729|765|777|759|747","2.76E-5","","HP:0001511","0.2698970004336019","0"
"471","5","Monarch Phenotype","","Abnormal nostril morphology","0.002","STAG2|NIPBL|RAD21|SMC1A|SMC3","580","669|729|765|777|759","2.82E-5","","HP:0005288","0.2698970004336019","0"
"1290","7","GO Cellular Component","","Nuclear protein-containing complex","0.0021","STAG2|MAU2|NIPBL|RAD21|SMC1A|SMC3|CDC20","580","669|717|729|765|777|759|672","3.54E-5","","GO:0140513","0.26777807052660807","0"
"821","6","Monarch Phenotype","","Abnormality of the dentition","0.0021","STAG2|NIPBL|RAD21|SMC1A|SMC3|STAG1","580","669|729|765|777|759|747","2.98E-5","","HP:0000164","0.26777807052660807","0"
"73","3","Reactome Pathways","","APC/C:Cdh1 mediated degradation of Cdc20 and other APC/C:Cdh1 targeted proteins in late mitosis/early G1","0.0025","PLK1|AURKB|CDC20","580","711|705|672","2.97E-5","","HSA-174178","0.26020599913279624","0"
"499","5","Monarch Phenotype","","Feeding difficulties in infancy","0.0025","STAG2|NIPBL|RAD21|SMC1A|SMC3","580","669|729|765|777|759","3.7E-5","","HP:0008872","0.26020599913279624","0"
"6403","14","TISSUES","","Endocrine gland","0.0026","STAG2|MAU2|CDCA5|NIPBL|RAD21|WAPL|PLK1|PDS5A|PDS5B|AURKB|SMC1A|SMC3|CDC20|STAG1","580","669|717|723|729|765|753|711|771|741|705|777|759|672|747","8.65E-6","","BTO:0001488","0.2585026652029182","0"
"505","5","Monarch Phenotype","","Abnormal eyebrow morphology","0.0026","NIPBL|RAD21|SMC1A|SMC3|STAG1","580","729|765|777|759|747","3.92E-5","","HP:0000534","0.2585026652029182","0"
"241","4","Monarch Phenotype","","Pectus excavatum","0.0026","NIPBL|RAD21|SMC1A|SMC3","580","729|765|777|759","3.77E-5","","HP:0000767","0.2585026652029182","0"
"242","4","Monarch Phenotype","","Aplasia/Hypoplasia involving bones of the feet","0.0026","NIPBL|RAD21|SMC1A|SMC3","580","729|765|777|759","3.83E-5","","HP:0006494","0.2585026652029182","0"
"76","3","Reactome Pathways","","Activation of APC/C and APC/C:Cdc20 mediated degradation of mitotic proteins","0.0027","PLK1|CDC20|CDK1","580","711|672|699","3.34E-5","","HSA-176814","0.25686362358410125","0"
"249","4","Monarch Phenotype","","Short nose","0.0028","NIPBL|RAD21|SMC1A|SMC3","580","729|765|777|759","4.27E-5","","HP:0003196","0.2552841968657781","0"
"511","5","Monarch Phenotype","","Depressed nasal bridge","0.0028","STAG2|NIPBL|RAD21|SMC1A|SMC3","580","669|729|765|777|759","4.14E-5","","HP:0005280","0.2552841968657781","0"
"897","6","Monarch Phenotype","","Abnormal nasal bridge morphology","0.0032","STAG2|NIPBL|RAD21|SMC1A|SMC3|STAG1","580","669|729|765|777|759|747","4.9E-5","","HP:0000422","0.24948500216800942","0"
"259","4","Monarch Phenotype","","Cerebral cortical atrophy","0.0032","NIPBL|RAD21|SMC1A|SMC3","580","729|765|777|759","4.97E-5","","HP:0002120","0.24948500216800942","0"
"151","4","STRING Clusters","","Mixed, incl. Mitotic Spindle Checkpoint, and Mitotic sister chromatid segregation","0.0032","ESPL1|PLK1|AURKB|CDC20","580","735|711|705|672","6.21E-6","","CL:6596","0.24948500216800942","0"
"535","5","Monarch Phenotype","","Abnormality of the philtrum","0.0033","STAG2|NIPBL|RAD21|SMC1A|SMC3","580","669|729|765|777|759","5.15E-5","","HP:0000288","0.24814860601221125","0"
"905","6","Monarch Phenotype","","Abnormal joint morphology","0.0033","STAG2|NIPBL|RAD21|SMC1A|SMC3|STAG1","580","669|729|765|777|759|747","5.14E-5","","HP:0001367","0.24814860601221125","0"
"7","2","GO Biological Process","","Replication-born double-strand break repair via sister chromatid exchange","0.0034","NIPBL|RAD21","580","729|765","2.22E-5","","GO:1990414","0.2468521082957745","0"
"547","5","Monarch Phenotype","","Abnormal cardiac ventricle morphology","0.0036","STAG2|NIPBL|RAD21|SMC1A|SMC3","580","669|729|765|777|759","5.71E-5","","HP:0001713","0.24436974992327126","0"
"2540","9","Reactome Pathways","","Signal Transduction","0.0037","STAG2|RAD21|PLK1|AURKB|SMC1A|SMC3|CDC20|STAG1|CDK1","580","669|765|711|705|777|759|672|747|699","4.83E-5","","HSA-162582","0.2431798275933005","0"
"949","6","Monarch Phenotype","","Failure to thrive","0.0041","STAG2|NIPBL|RAD21|SMC1A|SMC3|STAG1","580","669|729|765|777|759|747","6.7E-5","","HP:0001508","0.23872161432802647","0"
"280","4","Monarch Phenotype","","Delayed skeletal maturation","0.0041","NIPBL|RAD21|SMC1A|SMC3","580","729|765|777|759","6.69E-5","","HP:0002750","0.23872161432802647","0"
"281","4","Monarch Phenotype","","Short finger","0.0041","NIPBL|RAD21|SMC1A|SMC3","580","729|765|777|759","6.79E-5","","HP:0009381","0.23872161432802647","0"
"947","6","Monarch Phenotype","","Feeding difficulties","0.0041","STAG2|NIPBL|RAD21|SMC1A|SMC3|STAG1","580","669|729|765|777|759|747","6.62E-5","","HP:0011968","0.23872161432802647","0"
"3362","10","UniProt Keywords","","Acetylation","0.0043","STAG2|NIPBL|WAPL|PLK1|PDS5A|PDS5B|SMC1A|SMC3|CDC20|CDK1","580","669|729|753|711|771|741|777|759|672|699","6.2E-5","","KW-0007","0.23665315444204132","0"
"92","3","UniProt Keywords","","Meiosis","0.0043","STAG2|SMC1A|SMC3","580","669|777|759","5.8E-5","","KW-0469","0.23665315444204132","0"
"94","3","Reactome Pathways","","Amplification  of signal from unattached  kinetochores via a MAD2  inhibitory signal","0.0043","PLK1|AURKB|CDC20","580","711|705|672","6.17E-5","","HSA-141444","0.23665315444204132","0"
"272","4","Reactome Pathways","","Cell Cycle Checkpoints","0.0043","PLK1|AURKB|CDC20|CDK1","580","711|705|672|699","5.99E-5","","HSA-69620","0.23665315444204132","0"
"285","4","Monarch Phenotype","","Renal insufficiency","0.0043","NIPBL|RAD21|SMC1A|SMC3","580","729|765|777|759","7.16E-5","","HP:0000083","0.23665315444204132","0"
"13","2","COMPARTMENTS","","Condensed chromosome outer kinetochore","0.0044","PLK1|AURKB","580","711|705","6.44E-5","","GOCC:0000940","0.23565473235138126","0"
"290","4","Monarch Phenotype","","Hypospadias","0.0046","NIPBL|RAD21|SMC1A|SMC3","580","729|765|777|759","7.66E-5","","HP:0000047","0.2337242168318426","0"
"14","2","Reactome Pathways","","Golgi Cisternae Pericentriolar Stack Reorganization","0.0048","PLK1|CDK1","580","711|699","7.36E-5","","HSA-162658","0.23187587626244127","0"
"104","3","Monarch Phenotype","","Abnormality of the incisor","0.0049","STAG2|SMC1A|STAG1","580","669|777|747","8.27E-5","","HP:0000676","0.23098039199714862","0"
"51","3","STRING Clusters","","Mixed, incl. Regulation of mitotic sister chromatid segregation, and Kinesin motor domain, conserved site","0.0049","PLK1|AURKB|CDC20","580","711|705|672","1.06E-5","","CL:6608","0.23098039199714862","0"
"81","3","WikiPathways","","DNA IR-damage and cellular response via ATR","0.0052","PLK1|SMC1A|CDK1","580","711|777|699","4.01E-5","","WP4016","0.2283996656365201","0"
"303","4","Monarch Phenotype","","Glaucoma","0.0053","NIPBL|RAD21|SMC1A|SMC3","580","729|765|777|759","9.05E-5","","HP:0000501","0.2275724130399211","0"
"603","5","Monarch Phenotype","","Cerebral atrophy","0.0053","NIPBL|RAD21|SMC1A|SMC3|STAG1","580","729|765|777|759|747","9.04E-5","","HP:0002059","0.2275724130399211","0"
"609","5","GO Cellular Component","","Centrosome","0.0054","ESPL1|PLK1|AURKB|CDC20|CDK1","580","735|711|705|672|699","9.46E-5","","GO:0005813","0.22676062401770314","0"
"87","3","WikiPathways","","Retinoblastoma gene in cancer","0.0055","SMC1A|SMC3|CDK1","580","777|759|699","4.93E-5","","WP2446","0.22596373105057563","0"
"619","5","Monarch Phenotype","","Cryptorchidism","0.0059","NIPBL|RAD21|SMC1A|SMC3|STAG1","580","729|765|777|759|747","1.0E-4","","HP:0000028","0.22291479883578558","0"
"619","5","Monarch Phenotype","","Atrophy/Degeneration affecting the cerebrum","0.0059","NIPBL|RAD21|SMC1A|SMC3|STAG1","580","729|765|777|759|747","1.0E-4","","HP:0007369","0.22291479883578558","0"
"17","2","Monarch Phenotype","","Aplasia of the falx cerebri","0.0059","STAG2|SMC1A","580","669|777","1.0E-4","","HP:0010654","0.22291479883578558","0"
"17","2","Monarch Phenotype","","Proboscis","0.0059","STAG2|SMC1A","580","669|777","1.0E-4","","HP:0012806","0.22291479883578558","0"
"318","4","Monarch Phenotype","","Obesity","0.0061","NIPBL|RAD21|SMC1A|SMC3","580","729|765|777|759","1.1E-4","","HP:0001513","0.22146701649892328","0"
"325","4","Monarch Phenotype","","Short neck","0.0065","NIPBL|RAD21|SMC1A|SMC3","580","729|765|777|759","1.2E-4","","HP:0000470","0.21870866433571443","0"
"327","4","Monarch Phenotype","","Abnormality of skeletal maturation","0.0066","NIPBL|RAD21|SMC1A|SMC3","580","729|765|777|759","1.2E-4","","HP:0000927","0.2180456064458131","0"
"112","3","COMPARTMENTS","","Condensed chromosome, centromeric region","0.0067","PLK1|AURKB|SMC1A","580","711|705|777","1.0E-4","","GOCC:0000779","0.21739251972991736","0"
"84","3","GO Biological Process","","Mitotic cytokinesis","0.0067","ESPL1|PLK1|AURKB","580","735|711|705","4.46E-5","","GO:0000281","0.21739251972991736","0"
"2512","9","GO Biological Process","","Cellular macromolecule metabolic process","0.0067","CDCA5|NIPBL|RAD21|PDS5A|PDS5B|SMC1A|SMC3|CDC20|CDK1","580","723|729|765|771|741|777|759|672|699","4.42E-5","","GO:0044260","0.21739251972991736","0"
"19","2","Monarch Phenotype","","Single naris","0.0068","STAG2|SMC1A","580","669|777","1.3E-4","","HP:0009932","0.2167491087293764","0"
"1063","6","Monarch Phenotype","","Abnormality of joint mobility","0.0068","STAG2|NIPBL|RAD21|SMC1A|SMC3|STAG1","580","669|729|765|777|759|747","1.3E-4","","HP:0011729","0.2167491087293764","0"
"116","3","Reactome Pathways","","EML4 and NUDC in mitotic spindle formation","0.007","PLK1|AURKB|CDC20","580","711|705|672","1.1E-4","","HSA-9648025","0.2154901959985743","0"
"115","3","COMPARTMENTS","","Kinetochore","0.0071","PLK1|AURKB|SMC1A","580","711|705|777","1.1E-4","","GOCC:0000776","0.21487416512809246","0"
"11","2","GO Biological Process","","Positive regulation of ubiquitin protein ligase activity","0.0071","PLK1|CDC20","580","711|672","4.79E-5","","GO:1904668","0.21487416512809246","0"
"1080","6","Monarch Phenotype","","Microcephaly","0.0072","STAG2|NIPBL|RAD21|SMC1A|SMC3|STAG1","580","669|729|765|777|759|747","1.4E-4","","HP:0000252","0.21426675035687315","0"
"339","4","Monarch Phenotype","","Conductive hearing impairment","0.0072","NIPBL|RAD21|SMC1A|SMC3","580","729|765|777|759","1.4E-4","","HP:0000405","0.21426675035687315","0"
"20","2","Monarch Phenotype","","Cyclopia","0.0073","STAG2|SMC1A","580","669|777","1.4E-4","","HP:0009914","0.21366771398795442","0"
"20","2","Monarch Phenotype","","Abnormal heart rate variability","0.0073","STAG2|SMC1A","580","669|777","1.4E-4","","HP:0031860","0.21366771398795442","0"
"1088","6","Monarch Phenotype","","Decreased head circumference","0.0073","STAG2|NIPBL|RAD21|SMC1A|SMC3|STAG1","580","669|729|765|777|759|747","1.4E-4","","HP:0040195","0.21366771398795442","0"
"342","4","Monarch Phenotype","","Functional abnormality of the middle ear","0.0074","NIPBL|RAD21|SMC1A|SMC3","580","729|765|777|759","1.4E-4","","HP:0011452","0.21307682802690237","0"
"8","2","TISSUES","","Mitotic cell","0.0075","AURKB|CDK1","580","705|699","2.77E-5","","BTO:0001476","0.21249387366083","0"
"673","5","Monarch Phenotype","","Abnormal intestine morphology","0.0077","STAG2|NIPBL|RAD21|SMC1A|SMC3","580","669|729|765|777|759","1.5E-4","","HP:0002242","0.2113509274827518","0"
"349","4","Monarch Phenotype","","Talipes","0.0078","NIPBL|RAD21|SMC1A|SMC3","580","729|765|777|759","1.6E-4","","HP:0001883","0.21079053973095196","0"
"541","5","GO Biological Process","","Regulation of DNA metabolic process","0.0079","WAPL|PDS5A|AURKB|SMC3|CDK1","580","753|771|705|759|699","5.42E-5","","GO:0051052","0.21023729087095586","0"
"354","4","Monarch Phenotype","","Positional foot deformity","0.0082","NIPBL|RAD21|SMC1A|SMC3","580","729|765|777|759","1.6E-4","","HP:0005656","0.20861861476162832","0"
"92","3","GO Biological Process","","Positive regulation of mitotic cell cycle phase transition","0.0083","ESPL1|CDCA5|CDK1","580","735|723|699","5.8E-5","","GO:1901992","0.20809219076239263","0"
"22","2","Monarch Phenotype","","Solitary median maxillary central incisor","0.0083","STAG2|SMC1A","580","669|777","1.7E-4","","HP:0006315","0.20809219076239263","0"
"22","2","Monarch Phenotype","","Abnormal morphology of the olfactory bulb","0.0083","STAG2|SMC1A","580","669|777","1.7E-4","","HP:0040327","0.20809219076239263","0"
"20","2","Reactome Pathways","","Phosphorylation of the APC/C","0.0085","PLK1|CDK1","580","711|699","1.4E-4","","HSA-176412","0.20705810742857073","0"
"10","2","TISSUES","","Oral squamous cell carcinoma cell line","0.0089","MAU2|NIPBL","580","717|729","4.06E-5","","BTO:0002211","0.20506099933550873","0"
"1152","6","Monarch Phenotype","","Short stature","0.0094","STAG2|NIPBL|RAD21|SMC1A|SMC3|STAG1","580","669|729|765|777|759|747","1.9E-4","","HP:0004322","0.20268721464003012","0"
"24","2","Monarch Phenotype","","Oromotor apraxia","0.0095","STAG2|SMC1A","580","669|777","2.0E-4","","HP:0007301","0.20222763947111524","0"
"144","3","Monarch Phenotype","","Cleft upper lip","0.01","STAG2|NIPBL|SMC1A","580","669|729|777","2.1E-4","","HP:0000204","0.2","0"
"2677","9","GO Biological Process","","Cellular localization","0.0105","ESPL1|MAU2|CDCA5|NIPBL|RAD21|WAPL|PLK1|AURKB|CDK1","580","735|717|723|729|765|753|711|705|699","7.37E-5","","GO:0051641","0.1978810700930062","0"
"1146","6","COMPARTMENTS","","Nucleoplasm","0.0107","MAU2|RAD21|PLK1|AURKB|SMC3|CDK1","580","717|765|711|705|759|699","1.9E-4","","GOCC:0005654","0.19706162223147902","0"
"387","4","Monarch Phenotype","","Hypoplasia of penis","0.0107","NIPBL|RAD21|SMC1A|SMC3","580","729|765|777|759","2.3E-4","","HP:0008736","0.19706162223147902","0"
"391","4","Monarch Phenotype","","Abnormal internal genitalia","0.0111","NIPBL|RAD21|SMC1A|SMC3","580","729|765|777|759","2.4E-4","","HP:0000812","0.19546770212133427","0"
"139","3","Reactome Pathways","","RHO GTPases Activate Formins","0.0112","PLK1|AURKB|CDC20","580","711|705|672","1.9E-4","","HSA-5663220","0.19507819773298182","0"
"24","2","Reactome Pathways","","APC/C:Cdc20 mediated degradation of Cyclin B","0.0113","CDC20|CDK1","580","672|699","2.0E-4","","HSA-174048","0.19469215565165804","0"
"753","5","Monarch Phenotype","","Sensorineural hearing impairment","0.0117","STAG2|NIPBL|RAD21|SMC1A|SMC3","580","669|729|765|777|759","2.5E-4","","HP:0000407","0.19318141382538384","0"
"25","2","Reactome Pathways","","Cyclin A/B1/B2 associated events during G2/M transition","0.0119","PLK1|CDK1","580","711|699","2.1E-4","","HSA-69273","0.19244530386074693","0"
"28","2","Monarch Phenotype","","Panhypopituitarism","0.012","STAG2|SMC1A","580","669|777","2.7E-4","","HP:0000871","0.19208187539523752","0"
"28","2","Monarch Phenotype","","Sleep-wake cycle disturbance","0.012","STAG2|SMC1A","580","669|777","2.7E-4","","HP:0006979","0.19208187539523752","0"
"762","5","Monarch Phenotype","","Abnormal calvaria morphology","0.0121","STAG2|NIPBL|RAD21|SMC1A|SMC3","580","669|729|765|777|759","2.7E-4","","HP:0002683","0.191721462968355","0"
"765","5","Monarch Phenotype","","Abnormal cerebral ventricle morphology","0.0123","STAG2|NIPBL|RAD21|SMC1A|SMC3","580","669|729|765|777|759","2.7E-4","","HP:0002118","0.19100948885606023","0"
"29","2","Monarch Phenotype","","Temperature instability","0.0127","STAG2|SMC1A","580","669|777","2.8E-4","","HP:0005968","0.18961962790440431","0"
"16","2","GO Biological Process","","Protein localization to kinetochore","0.0132","AURKB|CDK1","580","705|699","9.38E-5","","GO:0034501","0.18794260687941503","0"
"2","2","InterPro Domains","","Sister chromatid cohesion protein Pds5","0.0133","PDS5A|PDS5B","580","771|741","3.7E-6","","IPR039776","0.18761483590329142","0"
"30","2","Monarch Phenotype","","Vertebral clefting","0.0133","STAG2|RAD21","580","669|765","3.0E-4","","HP:0008428","0.18761483590329142","0"
"416","4","Monarch Phenotype","","Peripheral neuropathy","0.0133","NIPBL|RAD21|SMC1A|SMC3","580","729|765|777|759","3.0E-4","","HP:0009830","0.18761483590329142","0"
"1252","6","Monarch Phenotype","","Abnormality of the vertebral column","0.0134","STAG2|NIPBL|RAD21|SMC1A|SMC3|STAG1","580","669|729|765|777|759|747","3.1E-4","","HP:0000925","0.18728952016351924","0"
"1253","6","Monarch Phenotype","","Abnormality of body height","0.0135","STAG2|NIPBL|RAD21|SMC1A|SMC3|STAG1","580","669|729|765|777|759|747","3.1E-4","","HP:0000002","0.1869666231504994","0"
"1253","6","Monarch Phenotype","","Abnormal foot morphology","0.0135","STAG2|NIPBL|RAD21|SMC1A|SMC3|STAG1","580","669|729|765|777|759|747","3.1E-4","","HP:0001760","0.1869666231504994","0"
"419","4","Monarch Phenotype","","Aplasia/Hypoplasia of the cerebellum","0.0135","NIPBL|RAD21|SMC1A|SMC3","580","729|765|777|759","3.1E-4","","HP:0007360","0.1869666231504994","0"
"31","2","Monarch Phenotype","","Central apnea","0.0138","STAG2|SMC1A","580","669|777","3.2E-4","","HP:0002871","0.18601209135987634","0"
"6","2","SMART Domains","","SMC proteins Flexible Hinge Domain","0.0142","SMC1A|SMC3","580","777|759","1.72E-5","","SM00968","0.18477116556169434","0"
"3","2","Pfam","","STAG domain  ","0.0143","STAG2|STAG1","580","669|747","6.17E-6","","PF08514","0.18446639625349381","0"
"17","2","GO Biological Process","","Mitotic chromosome condensation","0.0144","CDCA5|PLK1","580","723|711","1.0E-4","","GO:0007076","0.18416375079047503","0"
"114","3","GO Biological Process","","Stem cell population maintenance","0.0147","NIPBL|SMC1A|SMC3","580","729|777|759","1.1E-4","","GO:0019827","0.1832682665251824","0"
"3","2","InterPro Domains","","STAG","0.0148","STAG2|STAG1","580","669|747","6.17E-6","","IPR013721","0.18297382846050425","0"
"3","2","InterPro Domains","","Stromalin conservative domain","0.0148","STAG2|STAG1","580","669|747","6.17E-6","","IPR020839","0.18297382846050425","0"
"3","2","InterPro Domains","","Cohesin subunit Scc3/SA","0.0148","STAG2|STAG1","580","669|747","6.17E-6","","IPR039662","0.18297382846050425","0"
"812","5","Monarch Phenotype","","Functional abnormality of the inner ear","0.0153","STAG2|NIPBL|RAD21|SMC1A|SMC3","580","669|729|765|777|759","3.6E-4","","HP:0011389","0.1815308569182401","0"
"5","2","InterPro Domains","","Structural maintenance of chromosomes protein","0.0155","SMC1A|SMC3","580","777|759","1.29E-5","","IPR024704","0.18096683018297086","0"
"816","5","Monarch Phenotype","","Abnormal external nose morphology","0.0156","STAG2|NIPBL|RAD21|SMC1A|SMC3","580","669|729|765|777|759","3.7E-4","","HP:0010938","0.18068754016455385","0"
"1300","6","Monarch Phenotype","","Aplasia/Hypoplasia of the cerebrum","0.0158","STAG2|NIPBL|RAD21|SMC1A|SMC3|STAG1","580","669|729|765|777|759|747","3.8E-4","","HP:0007364","0.18013429130455774","0"
"821","5","Monarch Phenotype","","Generalized abnormality of skin","0.0159","NIPBL|RAD21|SMC1A|SMC3|STAG1","580","729|765|777|759|747","3.8E-4","","HP:0011354","0.17986028756795486","0"
"446","4","Monarch Phenotype","","Myopia","0.0164","NIPBL|RAD21|SMC1A|SMC3","580","729|765|777|759","3.9E-4","","HP:0000545","0.1785156151952302","0"
"180","3","Monarch Phenotype","","Prominent nasal bridge","0.0167","SMC1A|SMC3|STAG1","580","777|759|747","4.0E-4","","HP:0000426","0.17772835288524166","0"
"837","5","Monarch Phenotype","","Abnormal renal morphology","0.0168","NIPBL|RAD21|SMC1A|SMC3|STAG1","580","729|765|777|759|747","4.1E-4","","HP:0012210","0.17746907182741373","0"
"1903","7","Monarch Phenotype","","Cognitive impairment","0.0168","STAG2|NIPBL|RAD21|PDS5B|SMC1A|SMC3|STAG1","580","669|729|765|741|777|759|747","4.1E-4","","HP:0100543","0.17746907182741373","0"
"19","2","GO Biological Process","","Positive regulation of mitotic sister chromatid separation","0.0169","ESPL1|AURKB","580","735|705","1.3E-4","","GO:1901970","0.17721132953863267","0"
"183","3","Monarch Phenotype","","Cleft lip","0.0171","STAG2|NIPBL|SMC1A","580","669|729|777","4.2E-4","","HP:0410030","0.1767003889607846","0"
"5378","12","TISSUES","","Viscus","0.0173","STAG2|NIPBL|RAD21|WAPL|PLK1|PDS5A|PDS5B|AURKB|SMC1A|SMC3|CDC20|CDK1","580","669|729|765|753|711|771|741|705|777|759|672|699","9.89E-5","","BTO:0001491","0.17619538968712045","0"
"165","3","GO Cellular Component","","Kinetochore","0.0174","PLK1|AURKB|SMC1A","580","711|705|777","3.1E-4","","GO:0000776","0.17594507517174002","0"
"31","2","COMPARTMENTS","","Spindle midzone","0.0176","PLK1|AURKB","580","711|705","3.2E-4","","GOCC:0051233","0.175448733218585","0"
"7","2","InterPro Domains","","RecF/RecN/SMC, N-terminal","0.0177","SMC1A|SMC3","580","777|759","2.22E-5","","IPR003395","0.17520267336381934","0"
"6","2","InterPro Domains","","SMCs flexible hinge","0.0177","SMC1A|SMC3","580","777|759","1.72E-5","","IPR010935","0.17520267336381934","0"
"6","2","InterPro Domains","","SMCs flexible hinge superfamily","0.0177","SMC1A|SMC3","580","777|759","1.72E-5","","IPR036277","0.17520267336381934","0"
"461","4","Monarch Phenotype","","Anteverted nares","0.0177","NIPBL|RAD21|SMC1A|SMC3","580","729|765|777|759","4.4E-4","","HP:0000463","0.17520267336381934","0"
"849","5","Monarch Phenotype","","Abnormality of digestive system morphology","0.0177","STAG2|NIPBL|RAD21|SMC1A|SMC3","580","669|729|765|777|759","4.4E-4","","HP:0025033","0.17520267336381934","0"
"126","3","GO Biological Process","","Meiosis I","0.0185","ESPL1|RAD21|PLK1","580","735|765|711","1.4E-4","","GO:0007127","0.17328282715969862","0"
"1354","6","Monarch Phenotype","","Neurological speech impairment","0.0186","STAG2|NIPBL|RAD21|SMC1A|SMC3|STAG1","580","669|729|765|777|759|747","4.7E-4","","HP:0002167","0.17304870557820837","0"
"39","2","Monarch Phenotype","","Infantile axial hypotonia","0.0197","STAG2|SMC1A","580","669|777","5.0E-4","","HP:0009062","0.17055337738384072","0"
"41","2","Monarch Phenotype","","Abnormal number of incisors","0.0213","STAG2|SMC1A","580","669|777","5.5E-4","","HP:0011064","0.16716203965612625","0"
"12","2","STRING Clusters","","Chromosome passenger complex, and Outer kinetochore","0.0213","PLK1|AURKB","580","711|705","5.59E-5","","CL:6643","0.16716203965612625","0"
"36","2","GO Cellular Component","","Spindle midzone","0.0218","PLK1|AURKB","580","711|705","4.3E-4","","GO:0051233","0.1661543506395395","0"
"897","5","Monarch Phenotype","","Spasticity","0.0219","STAG2|NIPBL|RAD21|SMC1A|SMC3","580","669|729|765|777|759","5.7E-4","","HP:0001257","0.16595558851598818","0"
"42","2","Monarch Phenotype","","Median cleft lip","0.022","STAG2|SMC1A","580","669|777","5.7E-4","","HP:0000161","0.16575773191777937","0"
"903","5","Monarch Phenotype","","Strabismus","0.0225","NIPBL|RAD21|SMC1A|SMC3|STAG1","580","729|765|777|759|747","5.9E-4","","HP:0000486","0.16478174818886376","0"
"230","4","InterPro Domains","","Armadillo-like helical","0.0226","NIPBL|WAPL|PDS5A|PDS5B","580","729|753|771|741","3.15E-5","","IPR011989","0.1645891560852599","0"
"44","2","Monarch Phenotype","","Hemivertebrae","0.0239","STAG2|RAD21","580","669|765","6.3E-4","","HP:0002937","0.16216020990518623","0"
"1459","6","Monarch Phenotype","","Abnormality of limb bone morphology","0.026","STAG2|NIPBL|RAD21|SMC1A|SMC3|STAG1","580","669|729|765|777|759|747","7.0E-4","","HP:0002813","0.1585026652029182","0"
"5781","12","GO Biological Process","","Macromolecule metabolic process","0.0269","ESPL1|CDCA5|NIPBL|RAD21|PLK1|PDS5A|PDS5B|AURKB|SMC1A|SMC3|CDC20|CDK1","580","735|723|729|765|711|771|741|705|777|759|672|699","2.1E-4","","GO:0043170","0.1570247719997592","0"
"531","4","Monarch Phenotype","","Abnormal morphology of the nasal alae","0.0276","NIPBL|RAD21|SMC1A|SMC3","580","729|765|777|759","7.5E-4","","HP:0000429","0.15590909179347823","0"
"536","4","Monarch Phenotype","","Puberty and gonadal disorders","0.0284","NIPBL|RAD21|SMC1A|SMC3","580","729|765|777|759","7.8E-4","","HP:0008373","0.15466816599529623","0"
"50","2","Monarch Phenotype","","Diabetes insipidus","0.029","STAG2|SMC1A","580","669|777","8.0E-4","","HP:0000873","0.1537602002101044","0"
"50","2","Monarch Phenotype","","Limited elbow extension","0.029","NIPBL|STAG1","580","729|747","8.0E-4","","HP:0001377","0.1537602002101044","0"
"1505","6","Monarch Phenotype","","Hypotonia","0.0296","STAG2|NIPBL|RAD21|SMC1A|SMC3|STAG1","580","669|729|765|777|759|747","8.2E-4","","HP:0001252","0.15287082889410614","0"
"51","2","Monarch Phenotype","","Abnormal hypothalamus physiology","0.0297","STAG2|SMC1A","580","669|777","8.3E-4","","HP:0012285","0.15272435506827878","0"
"981","5","Monarch Phenotype","","Increased inflammatory response","0.0303","STAG2|NIPBL|RAD21|SMC1A|SMC3","580","669|729|765|777|759","8.5E-4","","HP:0012649","0.1518557371497695","0"
"52","2","Monarch Phenotype","","Chronic lung disease","0.0305","STAG2|SMC1A","580","669|777","8.6E-4","","HP:0006528","0.15157001606532142","0"
"43","2","Reactome Pathways","","Condensation of Prophase Chromosomes","0.0326","PLK1|CDK1","580","711|699","6.0E-4","","HSA-2299718","0.14867823999320612","0"
"32","2","WikiPathways","","Prion disease pathway","0.0333","RAD21|SMC3","580","765|759","3.4E-4","","WP3995","0.147755576649368","0"
"245","3","Monarch Phenotype","","Pneumonia","0.0341","STAG2|NIPBL|SMC1A","580","669|729|777","9.8E-4","","HP:0002090","0.14672456210075022","0"
"250","3","Monarch Phenotype","","Poor speech","0.0359","STAG2|SMC1A|SMC3","580","669|777|759","0.001","","HP:0002465","0.14449055514216808","0"
"59","2","Monarch Phenotype","","Limb dystonia","0.038","STAG2|SMC1A","580","669|777","0.0011","","HP:0002451","0.142021640338319","0"
"60","2","Monarch Phenotype","","Central hypothyroidism","0.0389","STAG2|SMC1A","580","669|777","0.0011","","HP:0011787","0.14100503986742924","0"
"1607","6","Monarch Phenotype","","Seizure","0.0397","STAG2|NIPBL|RAD21|SMC1A|SMC3|STAG1","580","669|729|765|777|759|747","0.0012","","HP:0001250","0.14012094932368852","0"
"5506","11","GO Cellular Component","","Protein-containing complex","0.04","STAG2|MAU2|NIPBL|RAD21|PLK1|AURKB|SMC1A|SMC3|CDC20|STAG1|CDK1","580","669|717|729|765|711|705|777|759|672|747|699","8.2E-4","","GO:0032991","0.13979400086720375","0"
"32","2","GO Biological Process","","Negative regulation of DNA replication","0.0421","WAPL|PDS5A","580","753|771","3.4E-4","","GO:0008156","0.13757179041643317","0"
"1070","5","Monarch Phenotype","","Abnormality of the endocrine system","0.0429","STAG2|NIPBL|RAD21|SMC1A|SMC3","580","669|729|765|777|759","0.0013","","HP:0000818","0.13675427078152758","0"
"612","4","Monarch Phenotype","","Ventriculomegaly","0.0433","NIPBL|RAD21|SMC1A|SMC3","580","729|765|777|759","0.0013","","HP:0002119","0.13635121036466347","0"
"33","2","GO Biological Process","","Histone phosphorylation","0.044","AURKB|CDK1","580","705|699","3.6E-4","","GO:0016572","0.13565473235138126","0"
"1648","6","Monarch Phenotype","","Abnormality of skin morphology","0.0445","STAG2|NIPBL|RAD21|SMC1A|SMC3|STAG1","580","669|729|765|777|759|747","0.0013","","HP:0011121","0.13516399890190683","0"
"40","2","WikiPathways","","ATM signaling pathway","0.0453","SMC1A|CDK1","580","777|699","5.2E-4","","WP2516","0.1343901797987168","0"
"1656","6","Monarch Phenotype","","Intellectual disability","0.0455","STAG2|NIPBL|RAD21|SMC1A|SMC3|STAG1","580","669|729|765|777|759|747","0.0014","","HP:0001249","0.13419886033428877","0"
"34","2","GO Biological Process","","Mitotic G2 DNA damage checkpoint signaling","0.0462","PLK1|CDK1","580","711|699","3.8E-4","","GO:0007095","0.13353580244438745","0"
"1100","5","Monarch Phenotype","","Upper motor neuron dysfunction","0.0476","STAG2|NIPBL|RAD21|SMC1A|SMC3","580","669|729|765|777|759","0.0014","","HP:0002493","0.1322393047279507","0"
"1673","6","Monarch Phenotype","","Abnormality of the vasculature","0.0477","STAG2|NIPBL|RAD21|SMC1A|SMC3|STAG1","580","669|729|765|777|759|747","0.0014","","HP:0002597","0.13214816209598862","0"
"1101","5","Monarch Phenotype","","Abnormality of the upper urinary tract","0.0477","NIPBL|RAD21|SMC1A|SMC3|STAG1","580","729|765|777|759|747","0.0014","","HP:0010935","0.13214816209598862","0"
"44","2","WikiPathways","","Integrated cancer pathway","0.0489","PLK1|CDK1","580","711|699","6.3E-4","","WP1971","0.13106911408763797","0"
"46","2","WikiPathways","","Microtubule cytoskeleton regulation","0.0489","AURKB|CDK1","580","705|699","6.8E-4","","WP2038","0.13106911408763797","0"
